"experimento","condicao","repeticao","posicao","valida","fase","fase_ini_utc","fase_segundos","taxa_ofertada_rps","post_n","post_201","erro_pct","erro_503","erro_504","erro_conexao","erro_outros","lat_p50_ms","lat_p95_ms","lat_p99_ms","lat_max_ms","vazao_efetiva_rps","iteracoes_descartadas","pedidos_criados","pedidos_confirmados","pedidos_cancelados","pedidos_nao_terminais","confirmados_pct","sagas_concluidas_pct","saga_p50_ms","saga_p95_ms","saga_max_ms","cpu_media_postgres","cpu_max_postgres","mem_media_mb_postgres","mem_max_mb_postgres","cpu_media_rabbitmq","cpu_max_rabbitmq","mem_media_mb_rabbitmq","mem_max_mb_rabbitmq","cpu_media_toxiproxy","cpu_max_toxiproxy","mem_media_mb_toxiproxy","mem_max_mb_toxiproxy","cpu_media_catalog","cpu_max_catalog","mem_media_mb_catalog","mem_max_mb_catalog","cpu_media_orders","cpu_max_orders","mem_media_mb_orders","mem_max_mb_orders","cpu_media_inventory","cpu_max_inventory","mem_media_mb_inventory","mem_max_mb_inventory","cpu_media_payments","cpu_max_payments","mem_media_mb_payments","mem_max_mb_payments","cpu_media_k6","cpu_max_k6","mem_media_mb_k6","mem_max_mb_k6","fila_media","fila_max","fila_media_3_primeiras","fila_media_3_ultimas","msg_processadas_ok","msg_processadas_erro","msg_reentregues","msg_mortas","fallback_ativacoes","fallback_pct_201","cb_catalogo_rejeicoes","cb_gateway_rejeicoes","catalogo_tentativas","catalogo_tentativas_ok","catalogo_tentativas_not_found","catalogo_tentativas_timeout","catalogo_tentativas_connect_error","catalogo_tentativas_server_error","catalogo_tentativas_rejected","catalogo_tentativas_other_error","fator_amplificacao","cb_catalogo_aberto_s","t0_origem","k6_cpu_maxima","drenagem_completa","drenagem_segundos","inv_i1_reservas_residuais","inv_i1_reservado_soma","inv_i2_vendido","inv_i2_confirmados","inv_i2_diferenca","inv_i3_pagamentos_pendentes","inv_i4_confirmados_sem_pagamento","invariantes_violados","cb_catalogo_primeira_abertura_s","cb_catalogo_transicoes","cb_catalogo_aberturas","cb_gateway_primeira_abertura_s","cb_gateway_transicoes","cb_gateway_aberto_s","fallback_logs","recuperacao_s","recuperou","pagamentos_enviados_reprocessamento","pagamentos_reprocessados","pagamentos_reprocessamento_esgotado","pagamentos_falha_sem_reprocessamento","reprocessamento_p50_s","reprocessamento_p95_s","reprocessamento_max_s"
"1B","C0-ROFF","1","1","true","aquecimento","2026-09-24T01:48:45.455Z","60","10","601","601","0","0","0","0","0","12.909693","19.387587","1050.02613","1541.24764","10.016667","0","601","601","0","0","100","100","35.511017","72.254896","2172.823906","0.059322","0.096638","64.658529","78.820313","0.242864","0.382885","145.186198","193.617188","0.0031","0.005471","3.721354","4.484375","0.007013","0.009547","2.070313","2.765625","0.032351","0.054549","12.267904","12.851563","0.031054","0.037621","10.88151","11.417969","0.018041","0.028898","10.963542","11.148438","0.017665","0.025927","19.597982","22.699219","1.833333","4","0.666667","1.666667","2776","0","0","0","0","0","0","0","566","566","0","0","0","0","0","0","0.941764","0",,,,,,,,,,,,,,,,,,,,,,,,,,,,
"1B","C0-ROFF","1","1","true","medicao","2026-09-24T01:49:45.455Z","180","10","1800","1800","0","0","0","0","0","7.199042","19.141874","702.091599","1175.192971","10","0","1800","1800","0","0","100","100","40.003061","65.477562","1279.243231","0.06496","0.098306","79.862522","80.765625","0.232818","0.327101","153.273763","197.683594","0.003583","0.004697","4.51747","5.292969","0.007376","0.00989","2.003689","2.863281","0.039338","0.056822","12.915799","16.855469","0.035123","0.055231","11.329102","11.839844","0.021036","0.030856","11.335286","11.882813","0.019668","0.02893","23.54145","24.644531","1.916667","5","1.333333","2.333333","9001","0","0","0","0","0","0","0","1800","1800","0","0","0","0","0","0","1","0",,,,,,,,,,,,,,,,,,,,,,,,,,,,
"1B","C0-ROFF","1","1","true","execucao",,,,"2401",,,,,,,,,,,,"0","2401","2401","0","0",,,,,,,,,,,,,,,,,,,,,,,,,,,,,,,,,,,,,,,"5",,,"12005","0","0","0","0",,"0","0","2401",,,,,,,,"1","0","primeiro pedido criado (SQL)","0.02893","true","2.3","0","0","2401","2401","0","0","0","0","","0","0","","0","0","0","","","0","0","0","0","","",""
"1B","C0-ROFF","2","2","true","aquecimento","2026-09-24T02:03:48.475Z","60","10","601","601","0","0","0","0","0","7.100341","8.957255","926.709983","1343.963049","10.016667","0","601","601","0","0","100","100","28.346777","68.901062","2266.157866","0.054342","0.082135","60.086263","76.449219","0.222129","0.294842","149.561849","196.316406","0.002935","0.004458","3.685872","4.125","0.007079","0.01065","1.946615","2.128906","0.034259","0.046617","11.727539","12.445313","0.029769","0.044401","10.629557","11.210938","0.017096","0.027298","10.727539","11.214844","0.019328","0.025308","18.111654","23.058594","1.666667","4","0.333333","2.333333","2872","0","0","0","0","0","0","0","586","586","0","0","0","0","0","0","0.975042","0",,,,,,,,,,,,,,,,,,,,,,,,,,,,
"1B","C0-ROFF","2","2","true","medicao","2026-09-24T02:04:48.475Z","180","10","1800","1800","0","0","0","0","0","7.125071","8.146142","685.476018","1284.369607","10","0","1800","1800","0","0","100","100","28.381944","54.907429","1427.216053","0.064183","0.099927","78.65625","80.707031","0.237992","0.383309","153.197157","198.632813","0.003529","0.004712","4.352322","5.15625","0.007377","0.012308","2.088433","2.800781","0.039312","0.061334","12.661458","13.304688","0.034675","0.050479","11.514431","12.183594","0.021297","0.031263","11.265082","12.207031","0.02016","0.031768","23.53049","24.988281","2.583333","10","2.666667","2.666667","9001","0","0","0","0","0","0","0","1800","1800","0","0","0","0","0","0","1","0",,,,,,,,,,,,,,,,,,,,,,,,,,,,
"1B","C0-ROFF","2","2","true","execucao",,,,"2401",,,,,,,,,,,,"0","2401","2401","0","0",,,,,,,,,,,,,,,,,,,,,,,,,,,,,,,,,,,,,,,"10",,,"12005","0","0","0","0",,"0","0","2401",,,,,,,,"1","0","primeiro pedido criado (SQL)","0.031768","true","2.2","0","0","2401","2401","0","0","0","0","","0","0","","0","0","0","","","0","0","0","0","","",""
"1B","C0-ROFF","3","2","true","aquecimento","2026-09-24T02:13:51.424Z","60","10","601","601","0","0","0","0","0","7.117362","8.767399","903.062313","1261.898062","10.016667","0","601","601","0","0","100","100","28.453112","70.033073","2032.853127","0.056736","0.090607","65.916667","78.847656","0.213428","0.287243","145.701497","167.117188","0.002937","0.004487","3.655599","4.070313","0.00719","0.009854","1.707357","1.941406","0.034802","0.041739","12.193034","12.753906","0.029334","0.050547","10.763672","11.179688","0.017194","0.029042","10.963542","11.53125","0.017143","0.024147","19.25651","21.976563","2.083333","5","1","2","2825","0","0","0","0","0","0","0","556","556","0","0","0","0","0","0","0.925125","0",,,,,,,,,,,,,,,,,,,,,,,,,,,,
"1B","C0-ROFF","3","2","true","medicao","2026-09-24T02:14:51.424Z","180","10","1800","1800","0","0","0","0","0","7.128054","8.151263","740.572585","1216.15514","10","0","1800","1800","0","0","100","100","28.392434","56.049812","1352.856874","0.0636","0.088727","79.734592","80.589844","0.239339","0.29809","149.383681","192.796875","0.003575","0.005131","4.523112","5.625","0.007369","0.012795","2.123481","2.800781","0.039574","0.060291","12.863498","16.195313","0.034401","0.048563","11.405382","11.964844","0.02095","0.033101","11.413194","17.457031","0.018951","0.026661","23.295139","24.667969","1.916667","5","3","2.333333","9000","0","0","0","0","0","0","0","1800","1800","0","0","0","0","0","0","1","0",,,,,,,,,,,,,,,,,,,,,,,,,,,,
"1B","C0-ROFF","3","2","true","execucao",,,,"2401",,,,,,,,,,,,"0","2401","2401","0","0",,,,,,,,,,,,,,,,,,,,,,,,,,,,,,,,,,,,,,,"5",,,"12005","0","0","0","0",,"0","0","2401",,,,,,,,"1","0","primeiro pedido criado (SQL)","0.026661","true","1.9","0","0","2401","2401","0","0","0","0","","0","0","","0","0","0","","","0","0","0","0","","",""
"1B","C0-ROFF","4","2","true","aquecimento","2026-09-24T02:23:53.951Z","60","10","601","601","0","0","0","0","0","7.156428","8.387668","879.995979","1379.655487","10.016667","0","601","601","0","0","100","100","28.403044","55.556059","1618.525982","0.052241","0.079128","55.261719","59.304688","0.229817","0.373306","155.729167","193.742188","0.002808","0.00516","3.808919","4.632813","0.00707","0.011032","1.983724","2.625","0.034861","0.050159","11.952799","12.964844","0.030465","0.036556","10.884115","11.496094","0.018419","0.028877","10.917318","11.65625","0.017443","0.027639","17.55013","23.402344","2.166667","5","0.333333","3","2847","0","0","0","0","0","0","0","581","581","0","0","0","0","0","0","0.966722","0",,,,,,,,,,,,,,,,,,,,,,,,,,,,
"1B","C0-ROFF","4","2","true","medicao","2026-09-24T02:24:53.951Z","180","10","1800","1800","0","0","0","0","0","7.385306","19.183909","472.32633","1247.120374","10","0","1800","1800","0","0","100","100","31.373501","55.433536","1382.706881","0.065302","0.093768","77.77908","79.203125","0.239856","0.322871","157.507487","197.910156","0.003639","0.005132","4.561198","5.304688","0.007649","0.01206","2.051107","2.90625","0.039337","0.057581","12.845703","13.378906","0.035276","0.05383","11.335612","11.945313","0.021373","0.031377","11.102322","11.957031","0.020453","0.029776","23.319553","24.398438","2.027778","4","3","1","9000","0","0","0","0","0","0","0","1800","1800","0","0","0","0","0","0","1","0",,,,,,,,,,,,,,,,,,,,,,,,,,,,
"1B","C0-ROFF","4","2","true","execucao",,,,"2401",,,,,,,,,,,,"0","2401","2401","0","0",,,,,,,,,,,,,,,,,,,,,,,,,,,,,,,,,,,,,,,"5",,,"12005","0","0","0","0",,"0","0","2401",,,,,,,,"1","0","primeiro pedido criado (SQL)","0.029776","true","2.6","0","0","2401","2401","0","0","0","0","","0","0","","0","0","0","","","0","0","0","0","","",""
"1B","C4-RON","1","2","true","aquecimento","2026-09-24T01:53:45.212Z","60","10","590","590","0","0","0","0","0","7.209965","1295.839865","3459.010733","4039.352316","9.833333","11","590","590","0","0","100","100","28.581142","4888.798392","7184.802055","0.051038","0.092459","59.737305","76.84375","0.257834","0.509268","160.325195","193.808594","0.002719","0.004031","4.06901","4.34375","0.006641","0.009774","2.039063","2.335938","0.03747","0.047825","11.272786","13.378906","0.032244","0.054762","10.30957","12.148438","0.017576","0.030572","10.983724","11.792969","0.017886","0.028585","17.535511","23.804688","6.75","64","1","22","2732","0","0","0","0","0","0","0","558","558","0","0","0","0","0","0","0.945763","0",,,,,,,,,,,,,,,,,,,,,,,,,,,,
"1B","C4-RON","1","2","true","medicao","2026-09-24T01:54:45.212Z","180","10","1799","1799","0","0","0","0","0","7.411408","19.425592","1040.601197","2067.542791","9.994444","0","1799","1799","0","0","100","100","38.882971","66.190553","2245.615959","0.066451","0.100143","79.269748","80.582031","0.234583","0.31258","152.80306","194.78125","0.003609","0.005278","4.550998","5.816406","0.007463","0.01052","2.208984","2.816406","0.039124","0.061738","13.097656","14","0.03477","0.055244","11.379774","11.808594","0.02138","0.02897","11.28342","12.308594","0.020373","0.030632","27.185764","28.128906","2.138889","20","3.333333","2.333333","8999","0","0","0","0","0","0","0","1800","1800","0","0","0","0","0","0","1.000556","0",,,,,,,,,,,,,,,,,,,,,,,,,,,,
"1B","C4-RON","1","2","true","execucao",,,,"2389",,,,,,,,,,,,"11","2389","2389","0","0",,,,,,,,,,,,,,,,,,,,,,,,,,,,,,,,,,,,,,,"64",,,"11945","0","0","0","0",,"0","0","2389",,,,,,,,"1","0","primeiro pedido criado (SQL)","0.030632","true","2.4","0","0","2389","2389","0","0","0","0","","0","0","","0","0","0","","","0","0","0","0","","",""
"1B","C4-RON","2","1","true","aquecimento","2026-09-24T01:58:48.131Z","60","10","601","601","0","0","0","0","0","7.143947","8.768414","454.2535","680.997557","10.016667","0","601","601","0","0","100","100","28.358936","64.836979","1349.58601","0.054962","0.082061","63.269531","69.015625","0.23317","0.353286","149.599935","193.28125","0.003116","0.005385","3.875","4.695313","0.007929","0.011522","2.102539","2.773438","0.031358","0.057739","11.933594","12.832031","0.028458","0.0488","10.981445","11.777344","0.018478","0.024265","10.765951","11.425781","0.013242","0.021953","19.508789","23.003906","2.25","5","1.666667","2","2892","0","0","0","0","0","0","0","589","589","0","0","0","0","0","0","0.980033","0",,,,,,,,,,,,,,,,,,,,,,,,,,,,
"1B","C4-RON","2","1","true","medicao","2026-09-24T01:59:48.131Z","180","10","1800","1800","0","0","0","0","0","7.181726","8.388068","648.067924","1102.542788","10","0","1800","1800","0","0","100","100","28.37944","65.471423","1244.717121","0.065553","0.094299","78.999783","82.707031","0.231152","0.299017","152.65408","195.210938","0.003771","0.005306","4.603407","5.429688","0.007831","0.011146","2.205187","2.789063","0.039593","0.060066","12.816623","13.382813","0.03461","0.050111","11.245768","12.285156","0.021226","0.031437","11.35102","11.925781","0.016099","0.026212","23.26378","24.542969","2.222222","5","2.333333","2","9000","0","0","0","0","0","0","0","1800","1800","0","0","0","0","0","0","1","0",,,,,,,,,,,,,,,,,,,,,,,,,,,,
"1B","C4-RON","2","1","true","execucao",,,,"2401",,,,,,,,,,,,"0","2401","2401","0","0",,,,,,,,,,,,,,,,,,,,,,,,,,,,,,,,,,,,,,,"5",,,"12005","0","0","0","0",,"0","0","2401",,,,,,,,"1","0","primeiro pedido criado (SQL)","0.026212","true","2.6","0","0","2401","2401","0","0","0","0","","0","0","","0","0","0","","","0","0","0","0","","",""
"1B","C4-RON","3","1","true","aquecimento","2026-09-24T02:08:51.036Z","60","10","601","601","0","0","0","0","0","7.22471","1051.25889","1351.219336","1552.760013","10.016667","0","601","601","0","0","100","100","28.56493","4716.086149","7119.264841","0.057605","0.103116","60.267253","79.304688","0.238217","0.295736","142.852214","166.78125","0.003074","0.004909","3.854167","4.46875","0.006963","0.008768","1.881185","2.460938","0.031231","0.057646","11.83431","12.917969","0.031659","0.044975","11.101888","11.667969","0.017669","0.030617","10.977865","11.730469","0.017325","0.021527","18.253581","23.109375","3.416667","16","1.666667","6.666667","2746","0","0","0","0","0","0","0","560","560","0","0","0","0","0","0","0.93178","0",,,,,,,,,,,,,,,,,,,,,,,,,,,,
"1B","C4-RON","3","1","true","medicao","2026-09-24T02:09:51.036Z","180","10","1800","1800","0","0","0","0","0","7.211044","8.331054","667.611819","1183.92307","10","0","1800","1800","0","0","100","100","28.455496","32.598031","1317.299128","0.06517","0.091196","80.046441","83.75","0.233699","0.364292","151.516168","196.289063","0.003558","0.004969","4.499023","5.375","0.007454","0.010686","2.265191","5.324219","0.03971","0.059026","12.74924","13.449219","0.034946","0.055326","11.425239","12.011719","0.02162","0.029067","11.268663","11.769531","0.019703","0.030607","23.518989","24.730469","2.583333","4","3","1.333333","9000","0","0","0","0","0","0","0","1800","1800","0","0","0","0","0","0","1","0",,,,,,,,,,,,,,,,,,,,,,,,,,,,
"1B","C4-RON","3","1","true","execucao",,,,"2401",,,,,,,,,,,,"0","2401","2401","0","0",,,,,,,,,,,,,,,,,,,,,,,,,,,,,,,,,,,,,,,"16",,,"12005","0","0","0","0",,"0","0","2401",,,,,,,,"1","0","primeiro pedido criado (SQL)","0.030607","true","2.8","0","0","2401","2401","0","0","0","0","","0","0","","0","0","0","","","0","0","0","0","","",""
"1B","C4-RON","4","1","true","aquecimento","2026-09-24T02:18:53.124Z","60","10","601","601","0","0","0","0","0","7.272296","19.546825","610.166831","909.628497","10.016667","0","601","601","0","0","100","100","30.579805","43.69998","2018.769979","0.057895","0.090083","63.319336","75.195313","0.259553","0.467623","153.232747","196.507813","0.00291","0.005028","3.76888","4.832031","0.006862","0.010064","1.947917","2.703125","0.035192","0.059105","11.98112","12.808594","0.031363","0.048735","11.029297","11.203125","0.017804","0.030295","10.933268","11.949219","0.017586","0.025291","18.369466","23.152344","1.416667","4","1","1","2890","0","0","0","0","0","0","0","589","589","0","0","0","0","0","0","0.980033","0",,,,,,,,,,,,,,,,,,,,,,,,,,,,
"1B","C4-RON","4","1","true","medicao","2026-09-24T02:19:53.124Z","180","10","1800","1800","0","0","0","0","0","7.211933","8.120652","894.377641","1739.027675","10","0","1800","1800","0","0","100","100","29.191017","43.417227","1849.902868","0.06488","0.088852","79.384115","85.871094","0.23845","0.351519","149.927734","196.257813","0.003799","0.005006","4.543728","5.339844","0.007838","0.01057","2.128255","2.566406","0.03934","0.054615","12.816515","13.21875","0.034798","0.051751","11.388129","11.949219","0.021269","0.031097","11.247938","11.855469","0.019642","0.03134","23.625","24.820313","2.361111","5","1.333333","1.666667","9000","0","0","0","0","0","0","0","1800","1800","0","0","0","0","0","0","1","0",,,,,,,,,,,,,,,,,,,,,,,,,,,,
"1B","C4-RON","4","1","true","execucao",,,,"2401",,,,,,,,,,,,"0","2401","2401","0","0",,,,,,,,,,,,,,,,,,,,,,,,,,,,,,,,,,,,,,,"5",,,"12005","0","0","0","0",,"0","0","2401",,,,,,,,"1","0","primeiro pedido criado (SQL)","0.03134","true","3","0","0","2401","2401","0","0","0","0","","0","0","","0","0","0","","","0","0","0","0","","",""
