experimento,condicao,fase,repeticao,metrica,valor
1B,C0-ROFF,medicao,1,lat_p95_ms,19.141874
1B,C0-ROFF,medicao,1,cpu_media_orders,0.039338
1B,C0-ROFF,medicao,2,lat_p95_ms,8.146142
1B,C0-ROFF,medicao,2,cpu_media_orders,0.039312
1B,C0-ROFF,medicao,3,lat_p95_ms,8.151263
1B,C0-ROFF,medicao,3,cpu_media_orders,0.039574
1B,C0-ROFF,medicao,4,lat_p95_ms,19.183909
1B,C0-ROFF,medicao,4,cpu_media_orders,0.039337
1B,C4-RON,medicao,1,lat_p95_ms,19.425592
1B,C4-RON,medicao,1,cpu_media_orders,0.039124
1B,C4-RON,medicao,2,lat_p95_ms,8.388068
1B,C4-RON,medicao,2,cpu_media_orders,0.039593
1B,C4-RON,medicao,3,lat_p95_ms,8.331054
1B,C4-RON,medicao,3,cpu_media_orders,0.03971
1B,C4-RON,medicao,4,lat_p95_ms,8.120652
1B,C4-RON,medicao,4,cpu_media_orders,0.03934
2A,C2,falha,1,lat_p95_ms,3307.217712
2A,C2,falha,1,fator_amplificacao,2.756667
2A,C2,falha,1,erro_pct,94.333333
2A,C2,falha,2,lat_p95_ms,3307.620454
2A,C2,falha,2,fator_amplificacao,2.696667
2A,C2,falha,2,erro_pct,94.333333
2A,C2,falha,3,lat_p95_ms,3307.280382
2A,C2,falha,3,fator_amplificacao,2.816667
2A,C2,falha,3,erro_pct,94.333333
2A,C2,falha,4,lat_p95_ms,3307.357602
2A,C2,falha,4,fator_amplificacao,2.753333
2A,C2,falha,4,erro_pct,94.333333
2A,C2,falha,6,lat_p95_ms,3307.223352
2A,C2,falha,6,fator_amplificacao,2.823333
2A,C2,falha,6,erro_pct,94.333333
2A,C3,falha,1,lat_p95_ms,3306.707762
2A,C3,falha,1,fator_amplificacao,0.761667
2A,C3,falha,1,erro_pct,100.0
2A,C3,falha,2,lat_p95_ms,3306.399604
2A,C3,falha,2,fator_amplificacao,0.758333
2A,C3,falha,2,erro_pct,100.0
2A,C3,falha,3,lat_p95_ms,3307.009592
2A,C3,falha,3,fator_amplificacao,0.736667
2A,C3,falha,3,erro_pct,100.0
2A,C3,falha,4,lat_p95_ms,3306.835149
2A,C3,falha,4,fator_amplificacao,0.761667
2A,C3,falha,4,erro_pct,100.0
2A,C3,falha,5,lat_p95_ms,3306.438855
2A,C3,falha,5,fator_amplificacao,0.756667
2A,C3,falha,5,erro_pct,100.0
2A,C3,falha,6,lat_p95_ms,3306.418036
2A,C3,falha,6,fator_amplificacao,0.728333
2A,C3,falha,6,erro_pct,100.0
3A,R-ON,execucao,1,reprocessamento_p50_s,35.061007
3A,R-ON,execucao,1,reprocessamento_max_s,65.624004
3A,R-ON,execucao,2,reprocessamento_p50_s,36.185478
3A,R-ON,execucao,2,reprocessamento_max_s,66.705037
3A,R-ON,execucao,3,reprocessamento_p50_s,35.066825
3A,R-ON,execucao,3,reprocessamento_max_s,66.947391
3A,R-ON,execucao,4,reprocessamento_p50_s,35.274132
3A,R-ON,execucao,4,reprocessamento_max_s,65.688773
3A,R-ON,execucao,5,reprocessamento_p50_s,35.056696
3A,R-ON,execucao,5,reprocessamento_max_s,65.622953
3A,R-ON,execucao,6,reprocessamento_p50_s,35.077916
3A,R-ON,execucao,6,reprocessamento_max_s,65.711636
