condicao,repeticao,fila_media_3_primeiras,fila_media_3_ultimas,inclinacao_fila_msg_s,pedidos_criados_medicao,sagas_concluidas_medicao,conclusao_sagas_s,razao_conclusao_chegada,pendentes_inicio_medicao,pendentes_fim_medicao
taxa-010,1,2.333333,2.0,-0.034440154440154455,1800,1794,9.966666666666667,0.9966666666666667,1,7
taxa-010,2,3.333333,2.666667,-0.0016473616473616551,1800,1800,10.0,1.0,1,1
taxa-010,3,2.333333,2.0,0.0007979407979407946,1800,1800,10.0,1.0,1,1
taxa-020,1,3.0,2.0,-0.009935649935649937,3598,3598,19.988888888888887,1.0,1,1
taxa-020,2,1.666667,9.333333,0.022496782496782494,3600,3600,20.0,1.0,1,1
taxa-020,3,2.0,2.333333,0.0030115830115830062,3600,3600,20.0,1.0,1,1
taxa-040,1,2.666667,3.333333,0.005019305019305007,7200,7201,40.00555555555555,1.000138888888889,3,2
taxa-040,2,2.666667,2.666667,0.016396396396396395,7200,7200,40.0,1.0,2,2
taxa-040,3,3.666667,2.333333,-0.03480051480051481,7073,6889,38.272222222222226,0.9739855789622508,3,187
taxa-060,1,213.0,938.0,3.614826254826254,10799,9996,55.53333333333333,0.9256412630799148,187,990
taxa-060,2,212.333333,787.0,3.3577863577863574,10800,10200,56.666666666666664,0.9444444444444444,191,791
taxa-060,3,296.0,1342.666667,4.765302445302446,10800,9633,53.516666666666666,0.8919444444444444,275,1442
