experimento,fase,metrica,a,b,valores_a,valores_b,diferenca_medianas,ic95_boot_inf,ic95_boot_sup,diferenca_pares_min,diferenca_pares_max,diferenca_medias,ic95_welch_inf,ic95_welch_sup,p_welch,p_mann_whitney_exato,p_mann_whitney_minimo_possivel
1A,medicao,lat_p50_ms,taxa-020,taxa-040,7.14399;7.12634;7.121,9.57577;9.57323;9.60064,2.4494369999999988,2.4292419999999995,2.4796370000000003,2.4292419999999995,2.4796370000000003,2.4527720000000013,2.421135996718073,2.4844080032819296,5.962120444926736e-09,0.1,0.1
1A,medicao,saga_p50_ms,taxa-020,taxa-040,28.5411;29.1605;28.369,37.255;37.514;36.8581,8.713961000000001,7.697582000000004,9.145020999999996,7.697582000000004,9.145020999999996,8.51885466666667,7.649314234414898,9.388395098918442,1.5602945363756614e-05,0.1,0.1
1A,medicao,saga_p50_ms,taxa-040,taxa-060,37.255;37.514;36.8581,11772.8;10132.2;10688.2,10650.956511,10094.702602,11735.938071999999,10094.702602,11735.938071999999,10827.199061666668,8754.530443032596,12899.86768030074,0.001973637130240051,0.1,0.1
1A,medicao,saga_p95_ms,taxa-020,taxa-040,375.301;74.3564;49.8937,848.965;940.5;1205.63,866.143405,473.66372400000006,1155.735946,473.66372400000006,1155.735946,831.8476916666667,416.3636128975456,1247.3317704357878,0.005131190557729266,0.1,0.1
1A,medicao,saga_p95_ms,taxa-040,taxa-060,848.965;940.5;1205.63,16424.5;13152.5;23957.8,15483.973253,11946.838128,23108.796083999998,11946.838128,23108.796083999998,16846.535821666665,3103.8290999529654,30589.242543380366,0.03409342981887462,0.1,0.1
1B,medicao,lat_p50_ms,C0-ROFF,C4-RON,7.19904;7.12507;7.12805;7.38531,7.41141;7.18173;7.21104;7.21193,0.047940499999999275,-0.17381750000000018,0.2478599999999993,-0.20357999999999965,0.2863369999999996,0.04465950000000074,-0.154091154483642,0.24341015448364348,0.6009331720598161,0.34285714285714286,0.02857142857142857
1B,medicao,lat_p95_ms,C0-ROFF,C4-RON,19.1419;8.14614;8.15126;19.1839,19.4256;8.38807;8.33105;8.12065,-5.287007500000001,-10.9370385,5.779023500000001,-11.063257,11.279450000000002,-2.5894554999999997,-12.97844850532836,7.799537505328361,0.5630952590663469,1.0,0.02857142857142857
1B,medicao,cpu_media_orders,C0-ROFF,C4-RON,0.039338;0.039312;0.039574;0.039337,0.039124;0.039593;0.03971;0.03934,0.0001290000000000041,-0.0002339999999999981,0.00037250000000000477,-0.000449999999999999,0.0003980000000000025,5.1499999999995993e-05,-0.0003409831829534792,0.0004439831829534712,0.7390064988636919,0.4857142857142857,0.02857142857142857
1B,medicao,cpu_media_payments,C0-ROFF,C4-RON,0.021036;0.021297;0.02095;0.021373,0.02138;0.021226;0.02162;0.021269,0.0001580000000000019,-8.750000000000077e-05,0.0005070000000000005,-0.0001470000000000013,0.0006700000000000005,0.0002097500000000016,-0.00012085730408663205,0.0005403573040866352,0.1707966806304746,0.34285714285714286,0.02857142857142857
