experimento,condicao,fase,metrica,n,mediana,q1,q3,ic95_inf,ic95_sup
1A,taxa-010,medicao,lat_p50_ms,3,7.26878,7.225087,7.364822,7.181394,7.460864
1A,taxa-020,medicao,lat_p50_ms,3,7.126337,7.123668500000001,7.1351645,7.121,7.143992
1A,taxa-040,medicao,lat_p50_ms,3,9.575774,9.574504,9.5882055,9.573234,9.600637
1A,taxa-060,medicao,lat_p50_ms,3,9.76177,9.670259999999999,9.802017,9.57875,9.842264
1A,taxa-010,medicao,lat_p95_ms,3,19.164839,13.9114255,153.01431300000002,8.658012,286.863787
1A,taxa-020,medicao,lat_p95_ms,3,17.6249,14.9641795,17.892639000000003,12.303459,18.160378
1A,taxa-040,medicao,lat_p95_ms,3,16.893042,16.5552585,326.73629700000004,16.217475,636.579552
1A,taxa-060,medicao,lat_p95_ms,3,16.958182,14.7752445,62.6293055,12.592307,108.300429
1A,taxa-010,medicao,saga_p50_ms,3,35.509944,32.4797035,36.7615225,29.449463,38.013101
1A,taxa-020,medicao,saga_p50_ms,3,28.541088,28.455019,28.850794,28.36895,29.1605
1A,taxa-040,medicao,saga_p50_ms,3,37.255049,37.056565500000005,37.38451,36.858082,37.513971
1A,taxa-060,medicao,saga_p50_ms,3,10688.21156,10410.2140665,11230.503857,10132.216573,11772.796154
1A,taxa-010,medicao,saga_p95_ms,3,62.019753,52.527034,451.57655450000004,43.034315,841.133356
1A,taxa-020,medicao,saga_p95_ms,3,74.356413,62.125075,224.828863,49.893737,375.301313
1A,taxa-040,medicao,saga_p95_ms,3,940.499818,894.7324275000001,1073.0647505000002,848.965037,1205.629683
1A,taxa-060,medicao,saga_p95_ms,3,16424.473071,14788.470441000001,20191.117096,13152.467811,23957.761121
1A,taxa-010,medicao,vazao_efetiva_rps,3,10.0,10.0,10.0,10.0,10.0
1A,taxa-020,medicao,vazao_efetiva_rps,3,20.0,19.9944445,20.0,19.988889,20.0
1A,taxa-040,medicao,vazao_efetiva_rps,3,40.0,39.647222,40.0,39.294444,40.0
1A,taxa-060,medicao,vazao_efetiva_rps,3,60.0,59.997222,60.0,59.994444,60.0
1A,taxa-010,medicao,cpu_media_orders,3,0.039513,0.0390555,0.039734,0.038598,0.039955
1A,taxa-020,medicao,cpu_media_orders,3,0.075464,0.074683,0.076049,0.073902,0.076634
1A,taxa-040,medicao,cpu_media_orders,3,0.14202,0.141653,0.1420245,0.141286,0.142029
1A,taxa-060,medicao,cpu_media_orders,3,0.197167,0.19601849999999998,0.197827,0.19487,0.198487
1A,taxa-010,medicao,cpu_media_payments,3,0.021289,0.0212795,0.0213695,0.02127,0.02145
1A,taxa-020,medicao,cpu_media_payments,3,0.039014,0.0387825,0.039393,0.038551,0.039772
1A,taxa-040,medicao,cpu_media_payments,3,0.074053,0.0740275,0.075371,0.074002,0.076689
1A,taxa-060,medicao,cpu_media_payments,3,0.099227,0.098022,0.0993205,0.096817,0.099414
1A,taxa-010,medicao,mem_max_mb_orders,3,13.597656,13.5097655,13.623047,13.421875,13.648438
1A,taxa-020,medicao,mem_max_mb_orders,3,18.128906,16.691406,18.421875,15.253906,18.714844
1A,taxa-040,medicao,mem_max_mb_orders,3,16.183594,16.0957035,16.71875,16.007813,17.253906
1A,taxa-060,medicao,mem_max_mb_orders,3,17.894531,17.8691405,19.654297,17.84375,21.414063
1A,taxa-010,medicao,mem_max_mb_payments,3,11.789063,11.650390999999999,11.9062505,11.511719,12.023438
1A,taxa-020,medicao,mem_max_mb_payments,3,11.96875,11.8828125,12.109375,11.796875,12.25
1A,taxa-040,medicao,mem_max_mb_payments,3,12.550781,12.5097655,14.734375,12.46875,16.917969
1A,taxa-060,medicao,mem_max_mb_payments,3,12.707031,12.6679685,12.7109375,12.628906,12.714844
1B,C0-ROFF,medicao,lat_p50_ms,4,7.1635480000000005,7.12730825,7.245608000000001,7.125071,7.385306
1B,C4-RON,medicao,lat_p50_ms,4,7.2114885,7.2037145,7.26180175,7.181726,7.411408
1B,C0-ROFF,medicao,lat_p95_ms,4,13.6465685,8.14998275,19.15238275,8.146142,19.183909
1B,C4-RON,medicao,lat_p95_ms,4,8.359561,8.2784535,11.147449000000002,8.120652,19.425592
1B,C0-ROFF,medicao,lat_p99_ms,4,693.7838085,632.188596,711.7118455,472.32633,740.572585
1B,C4-RON,medicao,lat_p99_ms,4,780.99473,662.72584525,930.93353,648.067924,1040.601197
1B,C0-ROFF,medicao,vazao_efetiva_rps,4,10.0,10.0,10.0,10.0,10.0
1B,C4-RON,medicao,vazao_efetiva_rps,4,10.0,9.998611,10.0,9.994444,10.0
1B,C0-ROFF,medicao,erro_pct,4,0.0,0.0,0.0,0.0,0.0
1B,C4-RON,medicao,erro_pct,4,0.0,0.0,0.0,0.0,0.0
1B,C0-ROFF,medicao,saga_p50_ms,4,29.8829675,28.3898115,33.530891000000004,28.381944,40.003061
1B,C4-RON,medicao,saga_p50_ms,4,28.8232565,28.436481999999998,31.614005499999998,28.37944,38.882971
1B,C0-ROFF,medicao,saga_p95_ms,4,55.741674,55.30200925,58.406749500000004,54.907429,65.477562
1B,C4-RON,medicao,saga_p95_ms,4,54.444325,40.712427999999996,65.6512055,32.598031,66.190553
1B,C0-ROFF,medicao,cpu_media_postgres,4,0.0645715,0.06403725,0.0650455,0.0636,0.065302
1B,C4-RON,medicao,cpu_media_postgres,4,0.0653615,0.0650975,0.0657775,0.06488,0.066451
1B,C0-ROFF,medicao,cpu_media_rabbitmq,4,0.2386655,0.2366985,0.23946825,0.232818,0.239856
1B,C4-RON,medicao,cpu_media_rabbitmq,4,0.234141,0.23306225,0.23554975,0.231152,0.23845
1B,C0-ROFF,medicao,cpu_media_toxiproxy,4,0.0035789999999999997,0.0035635,0.003597,0.003529,0.003639
1B,C4-RON,medicao,cpu_media_toxiproxy,4,0.0036899999999999997,0.0035962499999999996,0.003778,0.003558,0.003799
1B,C0-ROFF,medicao,cpu_media_catalog,4,0.007376499999999999,0.00737425,0.007445,0.007369,0.007649
1B,C4-RON,medicao,cpu_media_catalog,4,0.007646999999999999,0.00746075,0.00783275,0.007454,0.007838
1B,C0-ROFF,medicao,cpu_media_orders,4,0.0393375,0.03933075,0.039397,0.039312,0.039574
1B,C4-RON,medicao,cpu_media_orders,4,0.0394665,0.039286,0.039622250000000005,0.039124,0.03971
1B,C0-ROFF,medicao,cpu_media_inventory,4,0.034899,0.0346065,0.035161250000000005,0.034401,0.035276
1B,C4-RON,medicao,cpu_media_inventory,4,0.034784,0.034730000000000004,0.034835000000000005,0.03461,0.034946
1B,C0-ROFF,medicao,cpu_media_payments,4,0.021166499999999998,0.0210145,0.021316,0.02095,0.021373
1B,C4-RON,medicao,cpu_media_payments,4,0.0213245,0.02125825,0.02144,0.021226,0.02162
1B,C0-ROFF,medicao,mem_max_mb_postgres,4,80.6484375,80.24316425,80.7216795,79.203125,80.765625
1B,C4-RON,medicao,mem_max_mb_postgres,4,83.2285155,82.175781,84.28027349999999,80.582031,85.871094
1B,C0-ROFF,medicao,mem_max_mb_rabbitmq,4,197.796875,196.46191425,198.09082025,192.796875,198.632813
1B,C4-RON,medicao,mem_max_mb_rabbitmq,4,195.7343755,195.103516,196.2656255,194.78125,196.289063
1B,C0-ROFF,medicao,mem_max_mb_toxiproxy,4,5.2988285,5.25878925,5.384766,5.15625,5.625
1B,C4-RON,medicao,mem_max_mb_toxiproxy,4,5.402343999999999,5.366211,5.526367499999999,5.339844,5.816406
1B,C0-ROFF,medicao,mem_max_mb_catalog,4,2.832031,2.800781,2.87402325,2.800781,2.90625
1B,C4-RON,medicao,mem_max_mb_catalog,4,2.8027345,2.73339875,3.4433592500000003,2.566406,5.324219
1B,C0-ROFF,medicao,mem_max_mb_orders,4,14.7871095,13.3603515,16.360352,13.304688,16.855469
1B,C4-RON,medicao,mem_max_mb_orders,4,13.416015999999999,13.34179725,13.58691425,13.21875,14.0
1B,C0-ROFF,medicao,mem_max_mb_inventory,4,11.955078499999999,11.91894575,12.0195315,11.839844,12.183594
1B,C4-RON,medicao,mem_max_mb_inventory,4,11.980469,11.91406275,12.08007825,11.808594,12.285156
1B,C0-ROFF,medicao,mem_max_mb_payments,4,12.082031,11.9384765,13.519531,11.882813,17.457031
1B,C4-RON,medicao,mem_max_mb_payments,4,11.890625,11.8339845,12.02148425,11.769531,12.308594
2A,C0,falha,erro_pct,6,0.0,0.0,0.0,0.0,0.0
2A,C1,falha,erro_pct,6,98.333333,98.333333,98.333333,98.333333,98.333333
2A,C2,falha,erro_pct,5,94.333333,94.333333,94.333333,94.333333,94.333333
2A,C3,falha,erro_pct,6,100.0,100.0,100.0,100.0,100.0
2A,C4,falha,erro_pct,6,0.0,0.0,0.0,0.0,0.0
2A,C0,falha,lat_p95_ms,6,2013.9222209999998,2009.6084779999999,2020.0541335,2009.5024994999999,2762.5135725
2A,C1,falha,lat_p95_ms,6,1002.2552475,1002.1561525,1002.354392,1002.104286,1002.3785625
2A,C2,falha,lat_p95_ms,5,3307.280382,3307.223352,3307.357602,3307.217712,3307.620454
2A,C3,falha,lat_p95_ms,6,3306.5733085,3306.42324075,3306.80330225,3306.40882,3306.9223705
2A,C4,falha,lat_p95_ms,6,3313.2895285,3312.91642025,3315.69679575,3312.8728075,3319.3583135
2A,C0,falha,fator_amplificacao,6,0.966667,0.966667,0.966667,0.966667,0.9723725000000001
2A,C1,falha,fator_amplificacao,6,0.983333,0.983333,0.983333,0.983333,0.983333
2A,C2,falha,fator_amplificacao,5,2.756667,2.753333,2.816667,2.696667,2.823333
2A,C3,falha,fator_amplificacao,6,0.7575000000000001,0.741667,0.7608334999999999,0.7324999999999999,0.761667
2A,C4,falha,fator_amplificacao,6,0.7575000000000001,0.74875025,0.76125025,0.7391669999999999,0.761667
2A,C0,falha,fallback_pct_201,6,0.0,0.0,0.0,0.0,0.0
2A,C1,falha,fallback_pct_201,6,0.0,0.0,0.0,0.0,0.0
2A,C2,falha,fallback_pct_201,5,0.0,0.0,0.0,0.0,0.0
2A,C3,falha,fallback_pct_201,0,,,,,
2A,C4,falha,fallback_pct_201,6,93.33333350000001,91.16666649999999,95.12499975,90.16666649999999,96.083333
2A,C0,execucao,cb_catalogo_primeira_abertura_s,0,,,,,
2A,C1,execucao,cb_catalogo_primeira_abertura_s,0,,,,,
2A,C2,execucao,cb_catalogo_primeira_abertura_s,0,,,,,
2A,C3,execucao,cb_catalogo_primeira_abertura_s,6,3.7072195,3.70597625,3.708249,3.7055715,3.757167
2A,C4,execucao,cb_catalogo_primeira_abertura_s,6,3.7060645,3.70507475,3.70703625,3.704964,3.7080824999999997
2A,C0,execucao,recuperacao_s,6,0.0035,0.003,3.7524999999999995,0.0025,15.0025
2A,C1,execucao,recuperacao_s,6,0.003,0.0022500000000000003,0.00375,0.0015,32.503
2A,C2,execucao,recuperacao_s,5,0.002,0.002,0.003,0.002,15.003
2A,C3,execucao,recuperacao_s,6,10.003,10.00225,13.753,10.0015,32.503
2A,C4,execucao,recuperacao_s,6,10.003,10.002,13.752500000000001,5.002000000000001,25.0025
2B,C0,falha,erro_pct,3,100.0,100.0,100.0,100.0,100.0
2B,C2,falha,erro_pct,3,99.333333,99.333333,99.333333,99.333333,99.333333
2B,C3,falha,erro_pct,3,100.0,100.0,100.0,100.0,100.0
2B,C4,falha,erro_pct,3,0.0,0.0,0.0,0.0,0.0
2B,C0,falha,lat_p95_ms,3,1.503765,1.5033645,1.51552,1.502964,1.527275
2B,C2,falha,lat_p95_ms,3,305.797405,305.7733375,305.797553,305.74927,305.797701
2B,C3,falha,lat_p95_ms,3,0.816068,0.7875194999999999,0.837496,0.758971,0.858924
2B,C4,falha,lat_p95_ms,3,310.187977,310.11359849999997,310.847126,310.03922,311.506275
2B,C0,falha,fator_amplificacao,3,1.0,1.0,1.0,1.0,1.0
2B,C2,falha,fator_amplificacao,3,2.89,2.8733335,2.915,2.856667,2.94
2B,C3,falha,fator_amplificacao,3,0.185,0.17833349999999998,0.1925,0.171667,0.2
2B,C4,falha,fator_amplificacao,3,0.186667,0.1825,0.1883335,0.178333,0.19
2B,C0,falha,fallback_pct_201,0,,,,,
2B,C2,falha,fallback_pct_201,3,0.0,0.0,0.0,0.0,0.0
2B,C3,falha,fallback_pct_201,0,,,,,
2B,C4,falha,fallback_pct_201,3,95.333333,95.16666649999999,95.75,95.0,96.166667
2B,C0,execucao,cb_catalogo_primeira_abertura_s,0,,,,,
2B,C2,execucao,cb_catalogo_primeira_abertura_s,0,,,,,
2B,C3,execucao,cb_catalogo_primeira_abertura_s,3,0.704736,0.7045710000000001,0.705338,0.704406,0.70594
2B,C4,execucao,cb_catalogo_primeira_abertura_s,3,0.705736,0.705425,0.706022,0.705114,0.706308
2B,C0,execucao,recuperacao_s,3,30.002,15.001999999999999,47.501999999999995,0.002,65.002
2B,C2,execucao,recuperacao_s,3,5.009,5.006,10.005500000000001,5.003,15.002
2B,C3,execucao,recuperacao_s,3,5.003,5.0024999999999995,10.002500000000001,5.002,15.002
2B,C4,execucao,recuperacao_s,3,15.001,7.5015,15.001999999999999,0.002,15.003
3A,R-OFF,antes,confirmados_pct,6,100.0,100.0,100.0,100.0,100.0
3A,R-ON,antes,confirmados_pct,6,100.0,100.0,100.0,100.0,100.0
3A,R-OFF,falha,confirmados_pct,6,0.0,0.0,0.0,0.0,0.0
3A,R-ON,falha,confirmados_pct,6,100.0,100.0,100.0,100.0,100.0
3A,R-OFF,depois,confirmados_pct,6,99.63908950000001,99.611327,99.666852,99.5835645,99.7500925
3A,R-ON,depois,confirmados_pct,6,100.0,100.0,100.0,100.0,100.0
3A,R-OFF,execucao,msg_reentregues,6,0.0,0.0,0.0,0.0,0.0
3A,R-ON,execucao,msg_reentregues,6,3930.5,3925.75,3933.75,3921.5,3934.0
3A,R-OFF,execucao,msg_mortas,6,0.0,0.0,0.0,0.0,0.0
3A,R-ON,execucao,msg_mortas,6,0.0,0.0,0.0,0.0,0.0
3A,R-OFF,execucao,reprocessamento_p50_s,0,,,,,
3A,R-ON,execucao,reprocessamento_p50_s,6,35.072370500000005,35.0624615,35.225078,35.0588515,35.729805
3A,R-OFF,execucao,reprocessamento_max_s,0,,,,,
3A,R-ON,execucao,reprocessamento_max_s,6,65.7002045,65.64019625,66.45668675,65.6234785,66.826214
3A,R-OFF,execucao,drenagem_segundos,6,2.2,1.95,2.375,1.7999999999999998,2.45
3A,R-ON,execucao,drenagem_segundos,6,2.8,2.525,3.0,2.3,3.05
4A,parado-payments,antes,confirmados_pct,3,100.0,100.0,100.0,100.0,100.0
4A,parado-payments,falha,confirmados_pct,3,100.0,100.0,100.0,100.0,100.0
4A,parado-payments,depois,confirmados_pct,3,100.0,100.0,100.0,100.0,100.0
4A,parado-payments,execucao,msg_reentregues,3,0.0,0.0,0.0,0.0,0.0
4A,parado-payments,execucao,msg_mortas,3,0.0,0.0,0.0,0.0,0.0
4A,parado-payments,execucao,drenagem_segundos,3,2.3,1.95,2.3499999999999996,1.6,2.4
