experimento,fase,metrica,a,b,n_a,n_b,mediana_a,mediana_b,diferenca_b_menos_a,ic95_inf,ic95_sup,p_bootstrap,p_holm
1A,medicao,lat_p50_ms,taxa-010,taxa-020,3,3,7.26878,7.126337,-0.1424429999999992,-0.3398639999999995,-0.03740200000000016,0.0,0.0
1A,medicao,lat_p50_ms,taxa-020,taxa-040,3,3,7.126337,9.575774,2.4494369999999988,2.4292419999999995,2.4796370000000003,0.0,0.0
1A,medicao,lat_p50_ms,taxa-040,taxa-060,3,3,9.575774,9.76177,0.18599600000000116,-0.021887000000001322,0.26903000000000077,0.1456,0.1456
1A,medicao,lat_p95_ms,taxa-010,taxa-020,3,3,19.164839,17.6249,-1.5399390000000004,-274.560328,9.502366000000002,0.5208,1.0
1A,medicao,lat_p95_ms,taxa-020,taxa-040,3,3,17.6249,16.893042,-0.731857999999999,-1.9429030000000012,624.2760930000001,0.9102,1.0
1A,medicao,lat_p95_ms,taxa-040,taxa-060,3,3,16.893042,16.958182,0.06513999999999953,-623.987245,92.082954,0.9176,1.0
1A,medicao,saga_p50_ms,taxa-010,taxa-020,3,3,35.509944,28.541088,-6.968855999999999,-9.644150999999997,-0.2889630000000025,0.0,0.0
1A,medicao,saga_p50_ms,taxa-020,taxa-040,3,3,28.541088,37.255049,8.713961000000001,7.697582000000004,9.145020999999996,0.0,0.0
1A,medicao,saga_p50_ms,taxa-040,taxa-060,3,3,37.255049,10688.21156,10650.956511,10094.702602,11735.938071999999,0.0,0.0
1A,medicao,saga_p95_ms,taxa-010,taxa-020,3,3,62.019753,74.356413,12.336660000000002,-791.2396190000001,332.266998,0.7626,0.7626
1A,medicao,saga_p95_ms,taxa-020,taxa-040,3,3,74.356413,940.499818,866.143405,473.66372400000006,1155.735946,0.0,0.0
1A,medicao,saga_p95_ms,taxa-040,taxa-060,3,3,940.499818,16424.473071,15483.973253,11946.838128,23108.796083999998,0.0,0.0
1A,medicao,vazao_efetiva_rps,taxa-010,taxa-020,3,3,10.0,20.0,10.0,9.988889,10.0,0.0,0.0
1A,medicao,vazao_efetiva_rps,taxa-020,taxa-040,3,3,20.0,40.0,20.0,19.294444,20.011111,0.0,0.0
1A,medicao,vazao_efetiva_rps,taxa-040,taxa-060,3,3,40.0,60.0,20.0,19.994444,20.705556,0.0,0.0
1A,medicao,cpu_media_orders,taxa-010,taxa-020,3,3,0.039513,0.075464,0.035951000000000004,0.033947,0.03803599999999999,0.0,0.0
1A,medicao,cpu_media_orders,taxa-020,taxa-040,3,3,0.075464,0.14202,0.066556,0.064652,0.068127,0.0,0.0
1A,medicao,cpu_media_orders,taxa-040,taxa-060,3,3,0.14202,0.197167,0.055147,0.052841,0.057201,0.0,0.0
1A,medicao,cpu_media_payments,taxa-010,taxa-020,3,3,0.021289,0.039014,0.017725,0.017101,0.018502,0.0,0.0
1A,medicao,cpu_media_payments,taxa-020,taxa-040,3,3,0.039014,0.074053,0.035038999999999994,0.03423,0.03813799999999999,0.0,0.0
1A,medicao,cpu_media_payments,taxa-040,taxa-060,3,3,0.074053,0.099227,0.025174000000000002,0.020128000000000007,0.025412000000000004,0.0,0.0
1A,medicao,mem_max_mb_orders,taxa-010,taxa-020,3,3,13.597656,18.128906,4.53125,1.6054680000000001,5.292968999999999,0.0,0.0
1A,medicao,mem_max_mb_orders,taxa-020,taxa-040,3,3,18.128906,16.183594,-1.9453120000000013,-2.7070310000000006,2.0,0.522,0.522
1A,medicao,mem_max_mb_orders,taxa-040,taxa-060,3,3,16.183594,17.894531,1.7109370000000013,0.5898439999999994,5.40625,0.0,0.0
1A,medicao,mem_max_mb_payments,taxa-010,taxa-020,3,3,11.789063,11.96875,0.17968699999999949,-0.22656300000000051,0.7382810000000006,0.3778,0.7556
1A,medicao,mem_max_mb_payments,taxa-020,taxa-040,3,3,11.96875,12.550781,0.5820310000000006,0.21875,5.121093999999999,0.0,0.0
1A,medicao,mem_max_mb_payments,taxa-040,taxa-060,3,3,12.550781,12.707031,0.15625,-4.289062999999999,0.24609399999999937,0.518,0.7556
1B,medicao,lat_p50_ms,C0-ROFF,C4-RON,4,4,7.1635480000000005,7.2114885,0.047940499999999275,-0.17381750000000018,0.2478599999999993,0.4782,
1B,medicao,lat_p95_ms,C0-ROFF,C4-RON,4,4,13.6465685,8.359561,-5.287007500000001,-10.9370385,5.779023500000001,0.8308,
1B,medicao,lat_p99_ms,C0-ROFF,C4-RON,4,4,693.7838085,780.99473,87.21092150000004,-64.95637750000003,422.05131100000006,0.4516,
1B,medicao,vazao_efetiva_rps,C0-ROFF,C4-RON,4,4,10.0,10.0,0.0,-0.0055560000000003384,0.0,1.0,
1B,medicao,erro_pct,C0-ROFF,C4-RON,4,4,0.0,0.0,0.0,0.0,0.0,1.0,
1B,medicao,saga_p50_ms,C0-ROFF,C4-RON,4,4,29.8829675,28.8232565,-1.059711,-11.179804500000003,9.000003499999998,0.8278,
1B,medicao,saga_p95_ms,C0-ROFF,C4-RON,4,4,55.741674,54.444325,-1.297349000000004,-23.451781000000004,10.660505499999992,0.627,
1B,medicao,cpu_media_postgres,C0-ROFF,C4-RON,4,4,0.0645715,0.0653615,0.000789999999999999,-0.00010599999999999499,0.0021709999999999924,0.0914,
1B,medicao,cpu_media_rabbitmq,C0-ROFF,C4-RON,4,4,0.2386655,0.234141,-0.004524500000000015,-0.007772000000000029,0.0017650000000000166,0.1722,
1B,medicao,cpu_media_toxiproxy,C0-ROFF,C4-RON,4,4,0.0035789999999999997,0.0036899999999999997,0.00011099999999999999,-2.7499999999999747e-05,0.00024200000000000003,0.1852,
1B,medicao,cpu_media_catalog,C0-ROFF,C4-RON,4,4,0.007376499999999999,0.007646999999999999,0.0002704999999999999,-5.500000000000036e-05,0.00046199999999999974,0.1944,
1B,medicao,cpu_media_orders,C0-ROFF,C4-RON,4,4,0.0393375,0.0394665,0.0001290000000000041,-0.0002339999999999981,0.00037250000000000477,0.5002,
1B,medicao,cpu_media_inventory,C0-ROFF,C4-RON,4,4,0.034899,0.034784,-0.00011499999999999705,-0.000509500000000003,0.0003830000000000014,0.753,
1B,medicao,cpu_media_payments,C0-ROFF,C4-RON,4,4,0.021166499999999998,0.0213245,0.0001580000000000019,-8.750000000000077e-05,0.0005070000000000005,0.2824,
1B,medicao,mem_max_mb_postgres,C0-ROFF,C4-RON,4,4,80.6484375,83.2285155,2.5800780000000003,-0.06640649999999937,5.28125,0.0788,
1B,medicao,mem_max_mb_rabbitmq,C0-ROFF,C4-RON,4,4,197.796875,195.7343755,-2.0624995000000013,-3.275390499999986,2.9375004999999987,0.3962,
1B,medicao,mem_max_mb_toxiproxy,C0-ROFF,C4-RON,4,4,5.2988285,5.402343999999999,0.10351549999999943,-0.22265600000000063,0.5175774999999998,0.402,
1B,medicao,mem_max_mb_catalog,C0-ROFF,C4-RON,4,4,2.832031,2.8027345,-0.02929650000000006,-0.265625,2.492188,0.7426,
1B,medicao,mem_max_mb_orders,C0-ROFF,C4-RON,4,4,14.7871095,13.416015999999999,-1.3710935000000006,-3.4394530000000003,0.38671849999999885,0.486,
1B,medicao,mem_max_mb_inventory,C0-ROFF,C4-RON,4,4,11.955078499999999,11.980469,0.025390500000000316,-0.234375,0.3300775000000016,0.8198,
1B,medicao,mem_max_mb_payments,C0-ROFF,C4-RON,4,4,12.082031,11.890625,-0.19140600000000063,-5.566406000000001,0.23437449999999949,0.3778,
2A,falha,erro_pct,C0,C1,6,6,0.0,98.333333,98.333333,98.333333,98.333333,0.0,0.0
2A,falha,erro_pct,C1,C2,6,5,98.333333,94.333333,-4.0,-4.0,-4.0,0.0,0.0
2A,falha,erro_pct,C2,C3,5,6,94.333333,100.0,5.666667000000004,5.666667000000004,5.666667000000004,0.0,0.0
2A,falha,erro_pct,C3,C4,6,6,100.0,0.0,-100.0,-100.0,-100.0,0.0,0.0
2A,falha,lat_p95_ms,C0,C1,6,6,2013.9222209999998,1002.2552475,-1011.6669734999998,-1760.258292,-1007.220396,0.0,0.0
2A,falha,lat_p95_ms,C1,C2,6,5,1002.2552475,3307.280382,2305.0251344999997,2304.848141,2305.3652064999997,0.0,0.0
2A,falha,lat_p95_ms,C2,C3,5,6,3307.280382,3306.5733085,-0.7070734999997512,-1.047145499999715,-0.35801149999997506,0.0,0.0
2A,falha,lat_p95_ms,C3,C4,6,6,3306.5733085,3313.2895285,6.716219999999794,6.104471499999818,12.721311499999956,0.0,0.0
2A,falha,fator_amplificacao,C0,C1,6,6,0.966667,0.983333,0.01666599999999996,0.010960499999999929,0.01666599999999996,0.0,0.0
2A,falha,fator_amplificacao,C1,C2,6,5,0.983333,2.756667,1.7733340000000002,1.7133340000000001,1.8399999999999999,0.0,0.0
2A,falha,fator_amplificacao,C2,C3,5,6,2.756667,0.7575000000000001,-1.9991670000000001,-2.08,-1.939167,0.0,0.0
2A,falha,fator_amplificacao,C3,C4,6,6,0.7575000000000001,0.7575000000000001,0.0,-0.01666650000000003,0.025000000000000022,0.9546,0.9546
2A,falha,fallback_pct_201,C0,C1,6,6,0.0,0.0,0.0,0.0,0.0,1.0,1.0
2A,falha,fallback_pct_201,C1,C2,6,5,0.0,0.0,0.0,0.0,0.0,1.0,1.0
2A,falha,fallback_pct_201,C2,C3,5,0,,,,,,,
2A,falha,fallback_pct_201,C3,C4,0,6,,,,,,,
2A,execucao,cb_catalogo_primeira_abertura_s,C0,C1,0,0,,,,,,,
2A,execucao,cb_catalogo_primeira_abertura_s,C1,C2,0,0,,,,,,,
2A,execucao,cb_catalogo_primeira_abertura_s,C2,C3,0,6,,,,,,,
2A,execucao,cb_catalogo_primeira_abertura_s,C3,C4,6,6,3.7072195,3.7060645,-0.001154999999999795,-0.05119100000000021,0.001411000000000051,0.4134,0.4134
2A,execucao,recuperacao_s,C0,C1,6,6,0.0035,0.003,-0.0005,-14.9995,32.4995,0.7038,1.0
2A,execucao,recuperacao_s,C1,C2,6,5,0.003,0.002,-0.001,-32.501,15.0,0.6394,1.0
2A,execucao,recuperacao_s,C2,C3,5,6,0.002,10.003,10.001,-5.0,32.501,0.1074,0.4296
2A,execucao,recuperacao_s,C3,C4,6,6,10.003,10.003,0.0,-22.5,14.999500000000001,1.0,1.0
2B,falha,erro_pct,C0,C2,3,3,100.0,99.333333,-0.6666670000000039,-0.6666670000000039,-0.6666670000000039,0.0,0.0
2B,falha,erro_pct,C2,C3,3,3,99.333333,100.0,0.6666670000000039,0.6666670000000039,0.6666670000000039,0.0,0.0
2B,falha,erro_pct,C3,C4,3,3,100.0,0.0,-100.0,-100.0,-100.0,0.0,0.0
2B,falha,lat_p95_ms,C0,C2,3,3,1.503765,305.797405,304.29364000000004,304.22199500000005,304.294737,0.0,0.0
2B,falha,lat_p95_ms,C2,C3,3,3,305.797405,0.816068,-304.98133700000005,-305.03873000000004,-304.890346,0.0,0.0
2B,falha,lat_p95_ms,C3,C4,3,3,0.816068,310.187977,309.371909,309.180296,310.74730400000004,0.0,0.0
2B,falha,fator_amplificacao,C0,C2,3,3,1.0,2.89,1.8900000000000001,1.8566669999999998,1.94,0.0,0.0
2B,falha,fator_amplificacao,C2,C3,3,3,2.89,0.185,-2.705,-2.768333,-2.6566669999999997,0.0,0.0
2B,falha,fator_amplificacao,C3,C4,3,3,0.185,0.186667,0.0016670000000000018,-0.02166700000000002,0.018333000000000016,0.7604,0.7604
2B,falha,fallback_pct_201,C0,C2,0,3,,,,,,,
2B,falha,fallback_pct_201,C2,C3,3,0,,,,,,,
2B,falha,fallback_pct_201,C3,C4,0,3,,,,,,,
2B,execucao,cb_catalogo_primeira_abertura_s,C0,C2,0,0,,,,,,,
2B,execucao,cb_catalogo_primeira_abertura_s,C2,C3,0,3,,,,,,,
2B,execucao,cb_catalogo_primeira_abertura_s,C3,C4,3,3,0.704736,0.705736,0.0010000000000000009,-0.0008259999999999934,0.0019020000000000703,0.3938,0.3938
2B,execucao,recuperacao_s,C0,C2,3,3,30.002,5.009,-24.993,-59.998999999999995,15.0,0.524,1.0
2B,execucao,recuperacao_s,C2,C3,3,3,5.009,5.003,-0.006000000000000227,-10.0,9.999,0.7684,1.0
2B,execucao,recuperacao_s,C3,C4,3,3,5.003,15.001,9.998,-15.0,10.001000000000001,0.7776,1.0
3A,antes,confirmados_pct,R-OFF,R-ON,6,6,100.0,100.0,0.0,0.0,0.0,1.0,
3A,falha,confirmados_pct,R-OFF,R-ON,6,6,0.0,100.0,100.0,100.0,100.0,0.0,
3A,depois,confirmados_pct,R-OFF,R-ON,6,6,99.63908950000001,100.0,0.3609104999999886,0.24990750000000617,0.41643550000000573,0.0,
3A,execucao,msg_reentregues,R-OFF,R-ON,6,6,0.0,3930.5,3930.5,3921.5,3934.0,0.0,
3A,execucao,msg_mortas,R-OFF,R-ON,6,6,0.0,0.0,0.0,0.0,0.0,1.0,
3A,execucao,reprocessamento_p50_s,R-OFF,R-ON,0,6,,,,,,,
3A,execucao,reprocessamento_max_s,R-OFF,R-ON,0,6,,,,,,,
3A,execucao,drenagem_segundos,R-OFF,R-ON,6,6,2.2,2.8,0.5999999999999996,0.050000000000000266,1.1,0.0324,
