metrica,n_C0_ROFF,n_C4_RON,mediana_C0_ROFF,mediana_C4_RON,diferenca_C4_menos_C0,ic95_inf,ic95_sup
lat_p50_ms,4,4,7.163548,7.211489,0.04794,-0.17381750000000018,0.2478599999999993
lat_p95_ms,4,4,13.646569,8.359561,-5.287008,-10.9370385,5.779023500000001
lat_p99_ms,4,4,693.783809,780.99473,87.210922,-64.95637750000003,422.05131100000006
vazao_efetiva_rps,4,4,10.0,10.0,0.0,-0.0055560000000003384,0.0
erro_pct,4,4,0.0,0.0,0.0,0.0,0.0
saga_p50_ms,4,4,29.882968,28.823257,-1.059711,-11.179804500000003,9.000003499999998
saga_p95_ms,4,4,55.741674,54.444325,-1.297349,-23.451781000000004,10.660505499999992
cpu_media_postgres,4,4,0.064572,0.065362,0.00079,-0.00010599999999999499,0.0021709999999999924
mem_max_mb_postgres,4,4,80.648438,83.228516,2.580078,-0.06640649999999937,5.28125
cpu_media_rabbitmq,4,4,0.238666,0.234141,-0.004525,-0.007772000000000029,0.0017650000000000166
mem_max_mb_rabbitmq,4,4,197.796875,195.734376,-2.0625,-3.275390499999986,2.9375004999999987
cpu_media_toxiproxy,4,4,0.003579,0.00369,0.000111,-2.7499999999999747e-05,0.00024200000000000003
mem_max_mb_toxiproxy,4,4,5.298829,5.402344,0.103515,-0.22265600000000063,0.5175774999999998
cpu_media_catalog,4,4,0.007377,0.007647,0.000271,-5.500000000000036e-05,0.00046199999999999974
mem_max_mb_catalog,4,4,2.832031,2.802735,-0.029297,-0.265625,2.492188
cpu_media_orders,4,4,0.039338,0.039467,0.000129,-0.0002339999999999981,0.00037250000000000477
mem_max_mb_orders,4,4,14.78711,13.416016,-1.371094,-3.4394530000000003,0.38671849999999885
cpu_media_inventory,4,4,0.034899,0.034784,-0.000115,-0.000509500000000003,0.0003830000000000014
mem_max_mb_inventory,4,4,11.955079,11.980469,0.025391,-0.234375,0.3300775000000016
cpu_media_payments,4,4,0.021167,0.021325,0.000158,-8.750000000000077e-05,0.0005070000000000005
mem_max_mb_payments,4,4,12.082031,11.890625,-0.191406,-5.566406000000001,0.23437449999999949
