"experimento","condicao","repeticao","posicao","inicio_utc","fim_utc","valida","motivo_descarte","k6_cpu_maxima","drenagem_segundos","commit","alteracoes_nao_commitadas"
"1A","taxa-020","1","1","2026-09-24T02:28:56.306Z","2026-09-24T02:33:11.983Z","true","","0.052384","1.6","5789b7ed51e4471b6aeb64f628de7e693066a8b8","0"
"1A","taxa-060","1","2","2026-09-24T02:33:55.551Z","2026-09-24T02:38:28.499Z","true","","0.122439","18.8","5789b7ed51e4471b6aeb64f628de7e693066a8b8","0"
"1A","taxa-010","1","3","2026-09-24T02:39:12.950Z","2026-09-24T02:43:29.613Z","true","","0.029425","1.9","5789b7ed51e4471b6aeb64f628de7e693066a8b8","0"
"1A","taxa-040","1","4","2026-09-24T02:44:13.064Z","2026-09-24T02:48:28.957Z","true","","0.094286","1.8","5789b7ed51e4471b6aeb64f628de7e693066a8b8","0"
"1A","taxa-020","2","1","2026-09-24T02:49:15.891Z","2026-09-24T02:53:31.655Z","true","","0.049292","1.7","5789b7ed51e4471b6aeb64f628de7e693066a8b8","0"
"1A","taxa-040","2","2","2026-09-24T02:54:15.872Z","2026-09-24T02:58:31.537Z","true","","0.090372","1.7","5789b7ed51e4471b6aeb64f628de7e693066a8b8","0"
"1A","taxa-060","2","3","2026-09-24T02:59:15.358Z","2026-09-24T03:03:44.379Z","true","","0.128417","14.9","5789b7ed51e4471b6aeb64f628de7e693066a8b8","0"
"1A","taxa-010","2","4","2026-09-24T03:04:28.758Z","2026-09-24T03:08:44.995Z","true","","0.029673","2.3","5789b7ed51e4471b6aeb64f628de7e693066a8b8","0"
"1A","taxa-010","3","1","2026-09-24T03:09:30.764Z","2026-09-24T03:13:47.618Z","true","","0.027443","2.9","5789b7ed51e4471b6aeb64f628de7e693066a8b8","0"
"1A","taxa-040","3","2","2026-09-24T03:14:31.302Z","2026-09-24T03:18:52.309Z","true","","0.084123","6.2","5789b7ed51e4471b6aeb64f628de7e693066a8b8","0"
"1A","taxa-060","3","3","2026-09-24T03:19:36.372Z","2026-09-24T03:24:13.269Z","true","","0.110682","22.8","5789b7ed51e4471b6aeb64f628de7e693066a8b8","0"
"1A","taxa-020","3","4","2026-09-24T03:24:56.810Z","2026-09-24T03:29:12.435Z","true","","0.041991","1.7","5789b7ed51e4471b6aeb64f628de7e693066a8b8","0"
"1B","C0-ROFF","1","1","2026-09-24T01:48:44.295Z","2026-09-24T01:53:00.628Z","true","","0.02893","2.3","5789b7ed51e4471b6aeb64f628de7e693066a8b8","0"
"1B","C4-RON","1","2","2026-09-24T01:53:44.101Z","2026-09-24T01:58:00.485Z","true","","0.030632","2.4","5789b7ed51e4471b6aeb64f628de7e693066a8b8","0"
"1B","C4-RON","2","1","2026-09-24T01:58:47.012Z","2026-09-24T02:03:03.588Z","true","","0.026212","2.6","5789b7ed51e4471b6aeb64f628de7e693066a8b8","0"
"1B","C0-ROFF","2","2","2026-09-24T02:03:47.298Z","2026-09-24T02:08:03.461Z","true","","0.031768","2.2","5789b7ed51e4471b6aeb64f628de7e693066a8b8","0"
"1B","C4-RON","3","1","2026-09-24T02:08:49.863Z","2026-09-24T02:13:06.635Z","true","","0.030607","2.8","5789b7ed51e4471b6aeb64f628de7e693066a8b8","0"
"1B","C0-ROFF","3","2","2026-09-24T02:13:50.324Z","2026-09-24T02:18:06.175Z","true","","0.026661","1.9","5789b7ed51e4471b6aeb64f628de7e693066a8b8","0"
"1B","C4-RON","4","1","2026-09-24T02:18:51.994Z","2026-09-24T02:23:08.941Z","true","","0.03134","3","5789b7ed51e4471b6aeb64f628de7e693066a8b8","0"
"1B","C0-ROFF","4","2","2026-09-24T02:23:52.805Z","2026-09-24T02:28:09.429Z","true","","0.029776","2.6","5789b7ed51e4471b6aeb64f628de7e693066a8b8","0"
"2A","C2","1","1","2026-09-23T19:30:25.773Z","2026-09-23T19:36:41.477Z","true","","0.028656","1.6","5789b7ed51e4471b6aeb64f628de7e693066a8b8","0"
"2A","C4","1","2","2026-09-23T19:37:25.169Z","2026-09-23T19:43:40.811Z","true","","0.030466","1.6","5789b7ed51e4471b6aeb64f628de7e693066a8b8","0"
"2A","C1","1","3","2026-09-23T19:44:24.031Z","2026-09-23T19:50:39.566Z","true","","0.022054","1.6","5789b7ed51e4471b6aeb64f628de7e693066a8b8","0"
"2A","C0","1","4","2026-09-23T19:51:22.100Z","2026-09-23T19:57:37.828Z","true","","0.028647","1.7","5789b7ed51e4471b6aeb64f628de7e693066a8b8","0"
"2A","C3","1","5","2026-09-23T19:58:21.477Z","2026-09-23T20:04:37.141Z","true","","0.030793","1.6","5789b7ed51e4471b6aeb64f628de7e693066a8b8","0"
"2A","C2","2","1","2026-09-23T20:05:22.699Z","2026-09-23T20:11:38.311Z","true","","0.030342","1.6","5789b7ed51e4471b6aeb64f628de7e693066a8b8","0"
"2A","C0","2","2","2026-09-23T20:12:22.623Z","2026-09-23T20:18:38.224Z","true","","0.028004","1.6","5789b7ed51e4471b6aeb64f628de7e693066a8b8","0"
"2A","C3","2","3","2026-09-23T20:19:21.696Z","2026-09-23T20:25:37.422Z","true","","0.030114","1.7","5789b7ed51e4471b6aeb64f628de7e693066a8b8","0"
"2A","C4","2","4","2026-09-23T20:26:20.842Z","2026-09-23T20:32:36.636Z","true","","0.030854","1.7","5789b7ed51e4471b6aeb64f628de7e693066a8b8","0"
"2A","C1","2","5","2026-09-23T20:33:19.686Z","2026-09-23T20:39:35.294Z","true","","0.030081","1.6","5789b7ed51e4471b6aeb64f628de7e693066a8b8","0"
"2A","C4","3","1","2026-09-23T20:40:21.753Z","2026-09-23T20:46:37.369Z","true","","0.030526","1.7","5789b7ed51e4471b6aeb64f628de7e693066a8b8","0"
"2A","C0","3","2","2026-09-23T20:47:20.562Z","2026-09-23T20:53:36.241Z","true","","0.031971","1.6","5789b7ed51e4471b6aeb64f628de7e693066a8b8","0"
"2A","C1","3","3","2026-09-23T20:54:20.026Z","2026-09-23T21:00:35.621Z","true","","0.027657","1.6","5789b7ed51e4471b6aeb64f628de7e693066a8b8","0"
"2A","C2","3","4","2026-09-23T21:01:18.984Z","2026-09-23T21:07:34.639Z","true","","0.02749","1.6","5789b7ed51e4471b6aeb64f628de7e693066a8b8","0"
"2A","C3","3","5","2026-09-23T21:08:18.775Z","2026-09-23T21:14:34.352Z","true","","0.032485","1.6","5789b7ed51e4471b6aeb64f628de7e693066a8b8","0"
"2A","C3","4","1","2026-09-23T21:15:20.830Z","2026-09-23T21:21:37.802Z","true","","0.03059","2.9","5789b7ed51e4471b6aeb64f628de7e693066a8b8","0"
"2A","C0","4","2","2026-09-23T21:22:21.736Z","2026-09-23T21:28:37.982Z","true","","0.030734","2.1","5789b7ed51e4471b6aeb64f628de7e693066a8b8","0"
"2A","C4","4","3","2026-09-23T21:29:21.121Z","2026-09-23T21:35:36.814Z","true","","0.0312","1.6","5789b7ed51e4471b6aeb64f628de7e693066a8b8","0"
"2A","C1","4","4","2026-09-23T21:36:21.052Z","2026-09-23T21:42:37.834Z","true","","0.03039","1.6","5789b7ed51e4471b6aeb64f628de7e693066a8b8","0"
"2A","C2","4","5","2026-09-23T21:43:20.748Z","2026-09-23T21:49:36.427Z","true","","0.03211","1.7","5789b7ed51e4471b6aeb64f628de7e693066a8b8","0"
"2A","C2","5","1","2026-09-23T21:50:22.961Z","2026-09-23T21:56:43.683Z","false","comandos de controle falharam: 1","0.033058","2.4","5789b7ed51e4471b6aeb64f628de7e693066a8b8","0"
"2A","C4","5","2","2026-09-23T21:57:28.346Z","2026-09-23T22:03:44.074Z","true","","0.028604","1.7","5789b7ed51e4471b6aeb64f628de7e693066a8b8","0"
"2A","C1","5","3","2026-09-23T22:04:27.682Z","2026-09-23T22:10:43.587Z","true","","0.029477","1.9","5789b7ed51e4471b6aeb64f628de7e693066a8b8","0"
"2A","C3","5","4","2026-09-23T22:11:26.635Z","2026-09-23T22:17:42.806Z","true","","0.030656","2.1","5789b7ed51e4471b6aeb64f628de7e693066a8b8","0"
"2A","C0","5","5","2026-09-23T22:18:25.931Z","2026-09-23T22:24:42.775Z","true","","0.030281","2.8","5789b7ed51e4471b6aeb64f628de7e693066a8b8","0"
"2A","C0","6","1","2026-09-23T22:25:28.623Z","2026-09-23T22:31:45.582Z","true","","0.030494","1.6","5789b7ed51e4471b6aeb64f628de7e693066a8b8","0"
"2A","C2","6","2","2026-09-23T22:32:28.499Z","2026-09-23T22:38:44.787Z","true","","0.030509","2.2","5789b7ed51e4471b6aeb64f628de7e693066a8b8","0"
"2A","C4","6","3","2026-09-23T22:39:29.063Z","2026-09-23T22:45:45.702Z","true","","0.032002","2.5","5789b7ed51e4471b6aeb64f628de7e693066a8b8","0"
"2A","C1","6","4","2026-09-23T22:46:28.777Z","2026-09-23T22:52:44.640Z","true","","0.029777","1.8","5789b7ed51e4471b6aeb64f628de7e693066a8b8","0"
"2A","C3","6","5","2026-09-23T22:53:28.019Z","2026-09-23T22:59:43.713Z","true","","0.027706","1.7","5789b7ed51e4471b6aeb64f628de7e693066a8b8","0"
"2B","C2","1","1","2026-09-24T00:24:45.095Z","2026-09-24T00:31:01.108Z","true","","0.029886","1.9","5789b7ed51e4471b6aeb64f628de7e693066a8b8","0"
"2B","C4","1","2","2026-09-24T00:31:44.094Z","2026-09-24T00:38:00.500Z","true","","0.025736","1.9","5789b7ed51e4471b6aeb64f628de7e693066a8b8","0"
"2B","C0","1","3","2026-09-24T00:38:44.184Z","2026-09-24T00:44:59.919Z","true","","0.030817","1.7","5789b7ed51e4471b6aeb64f628de7e693066a8b8","0"
"2B","C3","1","4","2026-09-24T00:45:42.933Z","2026-09-24T00:51:58.698Z","true","","0.028868","1.7","5789b7ed51e4471b6aeb64f628de7e693066a8b8","0"
"2B","C2","2","1","2026-09-24T00:52:44.214Z","2026-09-24T00:58:59.866Z","true","","0.03043","1.7","5789b7ed51e4471b6aeb64f628de7e693066a8b8","0"
"2B","C3","2","2","2026-09-24T00:59:43.800Z","2026-09-24T01:05:59.432Z","true","","0.02939","1.6","5789b7ed51e4471b6aeb64f628de7e693066a8b8","0"
"2B","C4","2","3","2026-09-24T01:06:43.238Z","2026-09-24T01:12:59.827Z","true","","0.027728","2.5","5789b7ed51e4471b6aeb64f628de7e693066a8b8","0"
"2B","C0","2","4","2026-09-24T01:13:43.286Z","2026-09-24T01:19:59.044Z","true","","0.030593","1.7","5789b7ed51e4471b6aeb64f628de7e693066a8b8","0"
"2B","C0","3","1","2026-09-24T01:20:45.242Z","2026-09-24T01:27:01.175Z","true","","0.028629","1.8","5789b7ed51e4471b6aeb64f628de7e693066a8b8","0"
"2B","C3","3","2","2026-09-24T01:27:44.501Z","2026-09-24T01:34:00.156Z","true","","0.029293","1.7","5789b7ed51e4471b6aeb64f628de7e693066a8b8","0"
"2B","C4","3","3","2026-09-24T01:34:43.656Z","2026-09-24T01:40:59.483Z","true","","0.032206","1.7","5789b7ed51e4471b6aeb64f628de7e693066a8b8","0"
"2B","C2","3","4","2026-09-24T01:41:42.494Z","2026-09-24T01:47:58.323Z","true","","0.028521","1.8","5789b7ed51e4471b6aeb64f628de7e693066a8b8","0"
"3A","R-ON","1","1","2026-09-23T23:00:30.458Z","2026-09-23T23:06:47.458Z","true","","0.030409","3","5789b7ed51e4471b6aeb64f628de7e693066a8b8","0"
"3A","R-OFF","1","2","2026-09-23T23:07:30.753Z","2026-09-23T23:13:47.225Z","true","","0.028893","2.5","5789b7ed51e4471b6aeb64f628de7e693066a8b8","0"
"3A","R-OFF","2","1","2026-09-23T23:14:33.052Z","2026-09-23T23:20:49.286Z","true","","0.029332","2.3","5789b7ed51e4471b6aeb64f628de7e693066a8b8","0"
"3A","R-ON","2","2","2026-09-23T23:21:32.252Z","2026-09-23T23:27:48.744Z","true","","0.030245","2.5","5789b7ed51e4471b6aeb64f628de7e693066a8b8","0"
"3A","R-OFF","3","1","2026-09-23T23:28:35.320Z","2026-09-23T23:34:51.128Z","true","","0.03261","1.9","5789b7ed51e4471b6aeb64f628de7e693066a8b8","0"
"3A","R-ON","3","2","2026-09-23T23:35:34.458Z","2026-09-23T23:41:51.079Z","true","","0.030731","2.6","5789b7ed51e4471b6aeb64f628de7e693066a8b8","0"
"3A","R-OFF","4","1","2026-09-23T23:42:37.567Z","2026-09-23T23:48:53.675Z","true","","0.029988","2.1","5789b7ed51e4471b6aeb64f628de7e693066a8b8","0"
"3A","R-ON","4","2","2026-09-23T23:49:36.630Z","2026-09-23T23:55:53.670Z","true","","0.028615","3","5789b7ed51e4471b6aeb64f628de7e693066a8b8","0"
"3A","R-OFF","5","1","2026-09-23T23:56:39.898Z","2026-09-24T00:02:55.690Z","true","","0.03061","1.7","5789b7ed51e4471b6aeb64f628de7e693066a8b8","0"
"3A","R-ON","5","2","2026-09-24T00:03:39.266Z","2026-09-24T00:09:56.297Z","true","","0.031988","3.1","5789b7ed51e4471b6aeb64f628de7e693066a8b8","0"
"3A","R-OFF","6","1","2026-09-24T00:10:42.592Z","2026-09-24T00:16:58.948Z","true","","0.034024","2.4","5789b7ed51e4471b6aeb64f628de7e693066a8b8","0"
"3A","R-ON","6","2","2026-09-24T00:17:42.403Z","2026-09-24T00:23:58.579Z","true","","0.031559","2.1","5789b7ed51e4471b6aeb64f628de7e693066a8b8","0"
"4A","parado-payments","1","1","2026-09-24T03:29:59.676Z","2026-09-24T03:36:15.231Z","true","","0.028396","1.6","5789b7ed51e4471b6aeb64f628de7e693066a8b8","0"
"4A","parado-payments","2","1","2026-09-24T03:37:01.310Z","2026-09-24T03:43:17.827Z","true","","0.029294","2.4","5789b7ed51e4471b6aeb64f628de7e693066a8b8","0"
"4A","parado-payments","3","1","2026-09-24T03:44:03.909Z","2026-09-24T03:50:20.436Z","true","","0.031429","2.3","5789b7ed51e4471b6aeb64f628de7e693066a8b8","0"
