"experimento","condicao","repeticao","posicao","valida","t_rel_s","fase","post_n","erro_pct","erro_503","erro_504","erro_conexao","lat_p50_ms","lat_p95_ms","fila_media","sagas_concluidas","sagas_confirmadas","cb_catalogo_estado_max","cb_catalogo_aberto_s","cb_gateway_estado_max","marcadores"
"4A","parado-payments","1","1","true","-120","aquecimento","51","0","0","0","0","7.258987","7.878181","0","50","50","0","0","0",""
"4A","parado-payments","1","1","true","-115","aquecimento","50","0","0","0","0","7.150402","7.572004","1","50","50","0","0","0",""
"4A","parado-payments","1","1","true","-110","aquecimento","50","0","0","0","0","7.12523","7.827382","4","50","50","0","0","0",""
"4A","parado-payments","1","1","true","-105","aquecimento","50","0","0","0","0","7.062438","7.580703","3","50","50","0","0","0",""
"4A","parado-payments","1","1","true","-100","aquecimento","50","0","0","0","0","7.072096","7.897942","3","50","50","0","0","0",""
"4A","parado-payments","1","1","true","-95","aquecimento","50","0","0","0","0","7.207739","7.686844","2","50","50","0","0","0",""
"4A","parado-payments","1","1","true","-90","aquecimento","50","0","0","0","0","7.113999","7.843383","4","50","50","0","0","0",""
"4A","parado-payments","1","1","true","-85","aquecimento","50","0","0","0","0","7.057802","7.622358","3","50","50","0","0","0",""
"4A","parado-payments","1","1","true","-80","aquecimento","50","0","0","0","0","7.108653","7.601025","2","50","50","0","0","0",""
"4A","parado-payments","1","1","true","-75","aquecimento","50","0","0","0","0","7.157195","7.430117","5","50","50","0","0","0",""
"4A","parado-payments","1","1","true","-70","aquecimento","50","0","0","0","0","9.99341","1007.175006","0","50","50","0","0","0",""
"4A","parado-payments","1","1","true","-65","aquecimento","50","0","0","0","0","7.199892","7.600485","2","50","50","0","0","0",""
"4A","parado-payments","1","1","true","-60","antes","50","0","0","0","0","7.14497","8.36853","3","50","50","0","0","0",""
"4A","parado-payments","1","1","true","-55","antes","50","0","0","0","0","7.103132","7.662874","4","50","50","0","0","0",""
"4A","parado-payments","1","1","true","-50","antes","50","0","0","0","0","7.324621","8.639585","2","50","50","0","0","0",""
"4A","parado-payments","1","1","true","-45","antes","50","0","0","0","0","7.242159","7.675235","3","50","50","0","0","0",""
"4A","parado-payments","1","1","true","-40","antes","50","0","0","0","0","7.176533","7.561065","1","50","50","0","0","0",""
"4A","parado-payments","1","1","true","-35","antes","50","0","0","0","0","7.162587","7.594445","2","50","50","0","0","0",""
"4A","parado-payments","1","1","true","-30","antes","50","0","0","0","0","7.077575","7.816858","4","50","50","0","0","0",""
"4A","parado-payments","1","1","true","-25","antes","50","0","0","0","0","7.232311","7.606883","3","50","50","0","0","0",""
"4A","parado-payments","1","1","true","-20","antes","50","0","0","0","0","7.141753","7.682348","2","50","50","0","0","0",""
"4A","parado-payments","1","1","true","-15","antes","50","0","0","0","0","7.113793","7.42792","2","50","50","0","0","0",""
"4A","parado-payments","1","1","true","-10","antes","50","0","0","0","0","7.362648","1067.289133","2","50","50","0","0","0",""
"4A","parado-payments","1","1","true","-5","antes","50","0","0","0","0","7.147206","7.67787","3","50","50","0","0","0",""
"4A","parado-payments","1","1","true","0","falha","50","0","0","0","0","7.261544","8.449107","4","3","3","0","0","0","parada;inicio_falha"
"4A","parado-payments","1","1","true","5","falha","50","0","0","0","0","7.116193","7.695864","56","0","0","0","0","0",""
"4A","parado-payments","1","1","true","10","falha","50","0","0","0","0","7.238026","8.212034","107","0","0","0","0","0",""
"4A","parado-payments","1","1","true","15","falha","50","0","0","0","0","7.201295","7.670138","156","0","0","0","0","0",""
"4A","parado-payments","1","1","true","20","falha","50","0","0","0","0","7.183555","7.567617","207","0","0","0","0","0",""
"4A","parado-payments","1","1","true","25","falha","50","0","0","0","0","7.191009","7.851647","257","0","0","0","0","0",""
"4A","parado-payments","1","1","true","30","falha","50","0","0","0","0","7.128839","8.164203","310","0","0","0","0","0",""
"4A","parado-payments","1","1","true","35","falha","50","0","0","0","0","7.151609","7.611492","359","0","0","0","0","0",""
"4A","parado-payments","1","1","true","40","falha","50","0","0","0","0","7.186746","7.86347","412","0","0","0","0","0",""
"4A","parado-payments","1","1","true","45","falha","50","0","0","0","0","7.283897","783.510076","461","0","0","0","0","0",""
"4A","parado-payments","1","1","true","50","falha","50","0","0","0","0","7.227325","7.668173","512","0","0","0","0","0",""
"4A","parado-payments","1","1","true","55","falha","50","0","0","0","0","7.195824","8.008857","564","0","0","0","0","0","fim_falha"
"4A","parado-payments","1","1","true","60","depois","50","0","0","0","0","11.436362","18.575004","596","189","189","0","0","0","retorno"
"4A","parado-payments","1","1","true","65","depois","50","0","0","0","0","11.30172","18.972661","408","248","248","0","0","0",""
"4A","parado-payments","1","1","true","70","depois","50","0","0","0","0","9.014969","12.7836","188","310","310","0","0","0",""
"4A","parado-payments","1","1","true","75","depois","50","0","0","0","0","7.121893","7.656136","4","50","50","0","0","0",""
"4A","parado-payments","1","1","true","80","depois","50","0","0","0","0","7.109822","7.596483","1","50","50","0","0","0",""
"4A","parado-payments","1","1","true","85","depois","50","0","0","0","0","7.188466","7.60746","2","50","50","0","0","0",""
"4A","parado-payments","1","1","true","90","depois","50","0","0","0","0","7.084736","7.462107","3","50","50","0","0","0",""
"4A","parado-payments","1","1","true","95","depois","50","0","0","0","0","7.351911","904.089797","2","50","50","0","0","0",""
"4A","parado-payments","1","1","true","100","depois","50","0","0","0","0","7.074134","7.642571","1","50","50","0","0","0",""
"4A","parado-payments","1","1","true","105","depois","50","0","0","0","0","7.923888","8.3213","4","50","50","0","0","0",""
"4A","parado-payments","1","1","true","110","depois","50","0","0","0","0","7.546862","8.37113","3","50","50","0","0","0",""
"4A","parado-payments","1","1","true","115","depois","50","0","0","0","0","7.185776","9.344065","2","50","50","0","0","0",""
"4A","parado-payments","1","1","true","120","depois","50","0","0","0","0","7.162818","7.76425","3","50","50","0","0","0",""
"4A","parado-payments","1","1","true","125","depois","50","0","0","0","0","10.277649","11.170666","3","50","50","0","0","0",""
"4A","parado-payments","1","1","true","130","depois","50","0","0","0","0","11.165876","12.170486","3","50","50","0","0","0",""
"4A","parado-payments","1","1","true","135","depois","50","0","0","0","0","7.590333","12.466223","3","50","50","0","0","0",""
"4A","parado-payments","1","1","true","140","depois","50","0","0","0","0","7.105802","7.529736","2","50","50","0","0","0",""
"4A","parado-payments","1","1","true","145","depois","50","0","0","0","0","7.159268","13.18068","1","50","50","0","0","0",""
"4A","parado-payments","1","1","true","150","depois","50","0","0","0","0","13.963628","14.604851","1","50","50","0","0","0",""
"4A","parado-payments","1","1","true","155","depois","48","0","0","0","0","15.095307","15.324951","0","50","50","0","0","0",""
"4A","parado-payments","1","1","true","160","depois","52","0","0","0","0","7.472569","1082.876498","2","50","50","0","0","0",""
"4A","parado-payments","1","1","true","165","depois","50","0","0","0","0","7.166289","16.69246","2","50","50","0","0","0",""
"4A","parado-payments","1","1","true","170","depois","50","0","0","0","0","17.092058","17.923802","1","50","50","0","0","0",""
"4A","parado-payments","1","1","true","175","depois","50","0","0","0","0","18.10593","18.669774","0","50","50","0","0","0",""
"4A","parado-payments","1","1","true","180","depois","50","0","0","0","0","18.941931","19.319781","1","50","50","0","0","0",""
"4A","parado-payments","1","1","true","185","depois","50","0","0","0","0","18.99572","19.54512","4","50","50","0","0","0",""
"4A","parado-payments","1","1","true","190","depois","50","0","0","0","0","19.055888","19.910237","0","50","50","0","0","0",""
"4A","parado-payments","1","1","true","195","depois","50","0","0","0","0","19.008407","19.857678","2","50","50","0","0","0",""
"4A","parado-payments","1","1","true","200","depois","50","0","0","0","0","19.090495","19.699234","4","50","50","0","0","0",""
"4A","parado-payments","1","1","true","205","depois","50","0","0","0","0","7.610782","1420.677012","6","50","50","0","0","0",""
"4A","parado-payments","1","1","true","210","depois","50","0","0","0","0","7.126902","19.435289","1","50","50","0","0","0",""
"4A","parado-payments","1","1","true","215","depois","50","0","0","0","0","7.081876","19.326576","1","50","50","0","0","0",""
"4A","parado-payments","1","1","true","220","depois","50","0","0","0","0","7.126493","8.00616","1","50","50","0","0","0",""
"4A","parado-payments","1","1","true","225","depois","50","0","0","0","0","7.07288","7.691027","1","50","50","0","0","0",""
"4A","parado-payments","1","1","true","230","depois","50","0","0","0","0","7.091913","7.880942","4","50","50","0","0","0",""
"4A","parado-payments","1","1","true","235","depois","48","0","0","0","0","7.0561","7.485341","3","50","50","0","0","0",""
"4A","parado-payments","1","1","true","240","depois","0","","0","0","0","","","0","1","1","0","0","0",""
"4A","parado-payments","1","1","true","245","depois","0","","0","0","0","","","0","0","0","0","0","0",""
"4A","parado-payments","1","1","true","250","depois","0","","0","0","0","","","0","0","0","0","0","0",""
"4A","parado-payments","2","1","true","-120","aquecimento","51","0","0","0","0","7.247789","72.275448","0","50","50","0","0","0",""
"4A","parado-payments","2","1","true","-115","aquecimento","50","0","0","0","0","7.211146","60.229259","1","50","50","0","0","0",""
"4A","parado-payments","2","1","true","-110","aquecimento","50","0","0","0","0","7.261967","116.352213","4","50","50","0","0","0",""
"4A","parado-payments","2","1","true","-105","aquecimento","50","0","0","0","0","7.103875","103.661851","1","50","50","0","0","0",""
"4A","parado-payments","2","1","true","-100","aquecimento","50","0","0","0","0","7.088074","7.860669","3","50","50","0","0","0",""
"4A","parado-payments","2","1","true","-95","aquecimento","50","0","0","0","0","7.082218","7.494584","3","50","50","0","0","0",""
"4A","parado-payments","2","1","true","-90","aquecimento","50","0","0","0","0","7.073983","7.648713","2","50","50","0","0","0",""
"4A","parado-payments","2","1","true","-85","aquecimento","50","0","0","0","0","7.05138","7.421746","2","50","50","0","0","0",""
"4A","parado-payments","2","1","true","-80","aquecimento","50","0","0","0","0","7.083402","7.837396","3","50","50","0","0","0",""
"4A","parado-payments","2","1","true","-75","aquecimento","50","0","0","0","0","7.05468","7.386465","2","50","50","0","0","0",""
"4A","parado-payments","2","1","true","-70","aquecimento","50","0","0","0","0","7.178089","7.923922","3","50","50","0","0","0",""
"4A","parado-payments","2","1","true","-65","aquecimento","50","0","0","0","0","7.248165","8.37552","3","50","50","0","0","0",""
"4A","parado-payments","2","1","true","-60","antes","50","0","0","0","0","7.165307","8.165356","2","50","50","0","0","0",""
"4A","parado-payments","2","1","true","-55","antes","50","0","0","0","0","7.178876","7.867567","2","50","50","0","0","0",""
"4A","parado-payments","2","1","true","-50","antes","50","0","0","0","0","7.122619","7.741923","3","50","50","0","0","0",""
"4A","parado-payments","2","1","true","-45","antes","50","0","0","0","0","7.144031","7.578608","1","50","50","0","0","0",""
"4A","parado-payments","2","1","true","-40","antes","50","0","0","0","0","7.189953","7.917505","1","50","50","0","0","0",""
"4A","parado-payments","2","1","true","-35","antes","50","0","0","0","0","7.12491","7.847573","3","50","50","0","0","0",""
"4A","parado-payments","2","1","true","-30","antes","50","0","0","0","0","7.558736","12.144891","4","50","50","0","0","0",""
"4A","parado-payments","2","1","true","-25","antes","50","0","0","0","0","7.278187","11.589573","4","50","50","0","0","0",""
"4A","parado-payments","2","1","true","-20","antes","50","0","0","0","0","7.705497","13.322256","1","50","50","0","0","0",""
"4A","parado-payments","2","1","true","-15","antes","50","0","0","0","0","7.537886","12.183472","1","50","50","0","0","0",""
"4A","parado-payments","2","1","true","-10","antes","50","0","0","0","0","7.256221","11.238182","2","50","50","0","0","0",""
"4A","parado-payments","2","1","true","-5","antes","50","0","0","0","0","7.820229","14.657178","1","50","50","0","0","0",""
"4A","parado-payments","2","1","true","0","falha","50","0","0","0","0","7.371549","10.170731","1","3","3","0","0","0","parada;inicio_falha"
"4A","parado-payments","2","1","true","5","falha","50","0","0","0","0","7.234809","11.407422","7","0","0","0","0","0",""
"4A","parado-payments","2","1","true","10","falha","50","0","0","0","0","7.820348","12.61065","58","0","0","0","0","0",""
"4A","parado-payments","2","1","true","15","falha","50","0","0","0","0","7.329786","12.176608","108","0","0","0","0","0",""
"4A","parado-payments","2","1","true","20","falha","50","0","0","0","0","7.315867","10.787358","159","0","0","0","0","0",""
"4A","parado-payments","2","1","true","25","falha","50","0","0","0","0","7.494918","11.322439","209","0","0","0","0","0",""
"4A","parado-payments","2","1","true","30","falha","50","0","0","0","0","7.499219","11.238068","259","0","0","0","0","0",""
"4A","parado-payments","2","1","true","35","falha","50","0","0","0","0","7.49455","13.691571","312","0","0","0","0","0",""
"4A","parado-payments","2","1","true","40","falha","50","0","0","0","0","7.512006","13.544082","360","0","0","0","0","0",""
"4A","parado-payments","2","1","true","45","falha","50","0","0","0","0","7.303401","11.093674","411","0","0","0","0","0",""
"4A","parado-payments","2","1","true","50","falha","50","0","0","0","0","7.189412","10.453063","462","0","0","0","0","0",""
"4A","parado-payments","2","1","true","55","falha","50","0","0","0","0","7.13417","7.574617","514","0","0","0","0","0","fim_falha"
"4A","parado-payments","2","1","true","60","depois","50","0","0","0","0","8.731238","11.769546","563","263","263","0","0","0","retorno"
"4A","parado-payments","2","1","true","65","depois","50","0","0","0","0","8.87176","11.166191","574","334","334","0","0","0",""
"4A","parado-payments","2","1","true","70","depois","50","0","0","0","0","7.263108","11.248269","295","150","150","0","0","0",""
"4A","parado-payments","2","1","true","75","depois","50","0","0","0","0","7.139919","7.459608","12","50","50","0","0","0",""
"4A","parado-payments","2","1","true","80","depois","50","0","0","0","0","7.190736","7.699797","1","50","50","0","0","0",""
"4A","parado-payments","2","1","true","85","depois","50","0","0","0","0","7.146418","7.566706","1","50","50","0","0","0",""
"4A","parado-payments","2","1","true","90","depois","50","0","0","0","0","7.137603","7.940356","5","50","50","0","0","0",""
"4A","parado-payments","2","1","true","95","depois","50","0","0","0","0","7.204203","7.930152","1","50","50","0","0","0",""
"4A","parado-payments","2","1","true","100","depois","50","0","0","0","0","7.199854","7.858263","2","50","50","0","0","0",""
"4A","parado-payments","2","1","true","105","depois","50","0","0","0","0","7.191426","12.997714","1","50","50","0","0","0",""
"4A","parado-payments","2","1","true","110","depois","50","0","0","0","0","7.133615","150.72276","4","50","50","0","0","0",""
"4A","parado-payments","2","1","true","115","depois","50","0","0","0","0","7.188875","7.943251","3","50","50","0","0","0",""
"4A","parado-payments","2","1","true","120","depois","50","0","0","0","0","7.170767","9.71733","1","50","50","0","0","0",""
"4A","parado-payments","2","1","true","125","depois","34","0","0","0","0","7.160675","7.432477","2","37","37","0","0","0",""
"4A","parado-payments","2","1","true","130","depois","66","0","0","0","0","23.969601","2575.856989","3","63","63","0","0","0",""
"4A","parado-payments","2","1","true","135","depois","50","0","0","0","0","7.259848","15.66421","29","50","50","0","0","0",""
"4A","parado-payments","2","1","true","140","depois","50","0","0","0","0","7.20299","8.551816","1","50","50","0","0","0",""
"4A","parado-payments","2","1","true","145","depois","46","0","0","0","0","7.148069","7.416022","3","50","50","0","0","0",""
"4A","parado-payments","2","1","true","150","depois","54","0","0","0","0","284.166341","2638.592661","4","50","50","0","0","0",""
"4A","parado-payments","2","1","true","155","depois","50","0","0","0","0","7.128729","7.625477","0","50","50","0","0","0",""
"4A","parado-payments","2","1","true","160","depois","50","0","0","0","0","7.13481","7.563261","1","50","50","0","0","0",""
"4A","parado-payments","2","1","true","165","depois","50","0","0","0","0","7.132268","42.381793","4","50","50","0","0","0",""
"4A","parado-payments","2","1","true","170","depois","50","0","0","0","0","7.176597","7.997822","2","50","50","0","0","0",""
"4A","parado-payments","2","1","true","175","depois","50","0","0","0","0","7.211718","7.489494","3","50","50","0","0","0",""
"4A","parado-payments","2","1","true","180","depois","50","0","0","0","0","7.162151","7.910576","2","50","50","0","0","0",""
"4A","parado-payments","2","1","true","185","depois","50","0","0","0","0","7.133049","7.480143","3","50","50","0","0","0",""
"4A","parado-payments","2","1","true","190","depois","50","0","0","0","0","7.295109","7.94167","2","50","50","0","0","0",""
"4A","parado-payments","2","1","true","195","depois","50","0","0","0","0","7.187981","7.575334","3","50","50","0","0","0",""
"4A","parado-payments","2","1","true","200","depois","50","0","0","0","0","7.180176","7.881773","2","50","50","0","0","0",""
"4A","parado-payments","2","1","true","205","depois","50","0","0","0","0","7.17559","7.665438","1","50","50","0","0","0",""
"4A","parado-payments","2","1","true","210","depois","50","0","0","0","0","7.101523","7.654755","4","50","50","0","0","0",""
"4A","parado-payments","2","1","true","215","depois","50","0","0","0","0","7.139749","7.431529","2","50","50","0","0","0",""
"4A","parado-payments","2","1","true","220","depois","50","0","0","0","0","7.090738","7.571669","3","50","50","0","0","0",""
"4A","parado-payments","2","1","true","225","depois","50","0","0","0","0","7.159712","7.419229","2","50","50","0","0","0",""
"4A","parado-payments","2","1","true","230","depois","50","0","0","0","0","7.146661","7.641051","2","50","50","0","0","0",""
"4A","parado-payments","2","1","true","235","depois","47","0","0","0","0","7.126389","7.469049","2","50","50","0","0","0",""
"4A","parado-payments","2","1","true","240","depois","0","","0","0","0","","","3","1","1","0","0","0",""
"4A","parado-payments","2","1","true","245","depois","0","","0","0","0","","","0","0","0","0","0","0",""
"4A","parado-payments","2","1","true","250","depois","0","","0","0","0","","","0","0","0","0","0","0",""
"4A","parado-payments","2","1","true","255","depois","0","","0","0","0","","","","0","0","0","0","0",""
"4A","parado-payments","3","1","true","-120","aquecimento","50","0","0","0","0","7.253644","7.579496","0","50","50","0","0","0",""
"4A","parado-payments","3","1","true","-115","aquecimento","50","0","0","0","0","7.251055","8.103958","1","50","50","0","0","0",""
"4A","parado-payments","3","1","true","-110","aquecimento","50","0","0","0","0","7.231519","7.542423","4","50","50","0","0","0",""
"4A","parado-payments","3","1","true","-105","aquecimento","50","0","0","0","0","7.205772","8.023829","1","50","50","0","0","0",""
"4A","parado-payments","3","1","true","-100","aquecimento","50","0","0","0","0","7.101427","7.795533","5","50","50","0","0","0",""
"4A","parado-payments","3","1","true","-95","aquecimento","50","0","0","0","0","7.303834","12.448647","0","50","50","0","0","0",""
"4A","parado-payments","3","1","true","-90","aquecimento","50","0","0","0","0","7.550946","11.70064","0","50","50","0","0","0",""
"4A","parado-payments","3","1","true","-85","aquecimento","50","0","0","0","0","7.69204","14.038101","5","50","50","0","0","0",""
"4A","parado-payments","3","1","true","-80","aquecimento","50","0","0","0","0","8.75497","14.293731","4","50","50","0","0","0",""
"4A","parado-payments","3","1","true","-75","aquecimento","50","0","0","0","0","7.192229","8.185044","3","50","50","0","0","0",""
"4A","parado-payments","3","1","true","-70","aquecimento","50","0","0","0","0","7.233445","8.129205","2","50","50","0","0","0",""
"4A","parado-payments","3","1","true","-65","aquecimento","50","0","0","0","0","7.204354","9.432828","1","50","50","0","0","0",""
"4A","parado-payments","3","1","true","-60","antes","39","0","0","0","0","7.287011","1362.066345","4","37","37","0","0","0",""
"4A","parado-payments","3","1","true","-55","antes","61","0","0","0","0","7.419926","906.951885","0","63","63","0","0","0",""
"4A","parado-payments","3","1","true","-50","antes","50","0","0","0","0","7.210827","8.227537","0","50","50","0","0","0",""
"4A","parado-payments","3","1","true","-45","antes","50","0","0","0","0","7.211426","7.770088","0","50","50","0","0","0",""
"4A","parado-payments","3","1","true","-40","antes","50","0","0","0","0","7.271599","7.594173","3","50","50","0","0","0",""
"4A","parado-payments","3","1","true","-35","antes","50","0","0","0","0","7.19957","8.423188","4","50","50","0","0","0",""
"4A","parado-payments","3","1","true","-30","antes","50","0","0","0","0","7.202533","7.686376","1","50","50","0","0","0",""
"4A","parado-payments","3","1","true","-25","antes","50","0","0","0","0","7.195408","7.745078","4","50","50","0","0","0",""
"4A","parado-payments","3","1","true","-20","antes","50","0","0","0","0","7.222657","7.649855","1","50","50","0","0","0",""
"4A","parado-payments","3","1","true","-15","antes","50","0","0","0","0","9.166282","1472.314543","4","33","33","0","0","0",""
"4A","parado-payments","3","1","true","-10","antes","50","0","0","0","0","9.244071","10.008608","4","67","67","0","0","0",""
"4A","parado-payments","3","1","true","-5","antes","50","0","0","0","0","7.37145","10.09502","3","50","50","0","0","0",""
"4A","parado-payments","3","1","true","0","falha","50","0","0","0","0","7.310013","8.999006","10","5","5","0","0","0","parada;inicio_falha"
"4A","parado-payments","3","1","true","5","falha","50","0","0","0","0","10.986485","11.915727","61","0","0","0","0","0",""
"4A","parado-payments","3","1","true","10","falha","50","0","0","0","0","12.078078","13.002026","111","0","0","0","0","0",""
"4A","parado-payments","3","1","true","15","falha","50","0","0","0","0","13.331776","13.940598","160","0","0","0","0","0",""
"4A","parado-payments","3","1","true","20","falha","50","0","0","0","0","14.352051","16.639836","210","0","0","0","0","0",""
"4A","parado-payments","3","1","true","25","falha","50","0","0","0","0","7.234308","15.072075","260","0","0","0","0","0",""
"4A","parado-payments","3","1","true","30","falha","50","0","0","0","0","7.297694","16.009318","311","0","0","0","0","0",""
"4A","parado-payments","3","1","true","35","falha","50","0","0","0","0","7.205614","15.856283","364","0","0","0","0","0",""
"4A","parado-payments","3","1","true","40","falha","50","0","0","0","0","7.375002","16.833213","412","0","0","0","0","0",""
"4A","parado-payments","3","1","true","45","falha","50","0","0","0","0","7.689093","17.947565","463","0","0","0","0","0",""
"4A","parado-payments","3","1","true","50","falha","50","0","0","0","0","7.338537","932.876605","506","0","0","0","0","0",""
"4A","parado-payments","3","1","true","55","falha","50","0","0","0","0","11.901288","20.013232","569","0","0","0","0","0","fim_falha"
"4A","parado-payments","3","1","true","60","depois","50","0","0","0","0","14.610645","18.785566","539","242","242","0","0","0","retorno"
"4A","parado-payments","3","1","true","65","depois","50","0","0","0","0","9.078997","11.420157","271","331","331","0","0","0",""
"4A","parado-payments","3","1","true","70","depois","50","0","0","0","0","19.035182","19.497373","4","172","172","0","0","0",""
"4A","parado-payments","3","1","true","75","depois","50","0","0","0","0","7.394658","19.612405","1","50","50","0","0","0",""
"4A","parado-payments","3","1","true","80","depois","50","0","0","0","0","7.522634","19.328982","2","50","50","0","0","0",""
"4A","parado-payments","3","1","true","85","depois","50","0","0","0","0","19.078867","19.683155","1","50","50","0","0","0",""
"4A","parado-payments","3","1","true","90","depois","50","0","0","0","0","7.154656","19.37532","4","50","50","0","0","0",""
"4A","parado-payments","3","1","true","95","depois","50","0","0","0","0","7.146254","7.469838","3","50","50","0","0","0",""
"4A","parado-payments","3","1","true","100","depois","50","0","0","0","0","7.278712","677.186805","1","50","50","0","0","0",""
"4A","parado-payments","3","1","true","105","depois","45","0","0","0","0","7.491165","598.565892","2","43","43","0","0","0",""
"4A","parado-payments","3","1","true","110","depois","55","0","0","0","0","375.47798","740.161147","2","57","57","0","0","0",""
"4A","parado-payments","3","1","true","115","depois","50","0","0","0","0","7.332199","142.7708","34","50","50","0","0","0",""
"4A","parado-payments","3","1","true","120","depois","50","0","0","0","0","7.194391","7.745421","1","50","50","0","0","0",""
"4A","parado-payments","3","1","true","125","depois","50","0","0","0","0","7.259814","7.637657","2","50","50","0","0","0",""
"4A","parado-payments","3","1","true","130","depois","50","0","0","0","0","7.288725","8.003501","4","50","50","0","0","0",""
"4A","parado-payments","3","1","true","135","depois","50","0","0","0","0","7.260384","8.075389","1","50","50","0","0","0",""
"4A","parado-payments","3","1","true","140","depois","50","0","0","0","0","7.162446","7.50414","4","50","50","0","0","0",""
"4A","parado-payments","3","1","true","145","depois","50","0","0","0","0","7.216298","7.637039","1","50","50","0","0","0",""
"4A","parado-payments","3","1","true","150","depois","50","0","0","0","0","7.328733","8.0411","4","50","50","0","0","0",""
"4A","parado-payments","3","1","true","155","depois","50","0","0","0","0","7.395415","1138.497932","4","50","50","0","0","0",""
"4A","parado-payments","3","1","true","160","depois","50","0","0","0","0","7.182498","7.589047","0","50","50","0","0","0",""
"4A","parado-payments","3","1","true","165","depois","50","0","0","0","0","7.11506","7.51794","5","50","50","0","0","0",""
"4A","parado-payments","3","1","true","170","depois","50","0","0","0","0","7.204638","8.007699","3","50","50","0","0","0",""
"4A","parado-payments","3","1","true","175","depois","50","0","0","0","0","7.245405","7.903785","4","50","50","0","0","0",""
"4A","parado-payments","3","1","true","180","depois","50","0","0","0","0","7.202662","7.496974","3","50","50","0","0","0",""
"4A","parado-payments","3","1","true","185","depois","50","0","0","0","0","7.20748","7.810322","2","50","50","0","0","0",""
"4A","parado-payments","3","1","true","190","depois","50","0","0","0","0","7.283019","8.02426","1","50","50","0","0","0",""
"4A","parado-payments","3","1","true","195","depois","50","0","0","0","0","7.239223","7.653812","3","50","50","0","0","0",""
"4A","parado-payments","3","1","true","200","depois","50","0","0","0","0","7.554175","1418.11231","5","50","50","0","0","0",""
"4A","parado-payments","3","1","true","205","depois","50","0","0","0","0","7.231092","7.847555","2","50","50","0","0","0",""
"4A","parado-payments","3","1","true","210","depois","50","0","0","0","0","7.202341","7.843021","3","50","50","0","0","0",""
"4A","parado-payments","3","1","true","215","depois","50","0","0","0","0","7.228263","7.875562","2","50","50","0","0","0",""
"4A","parado-payments","3","1","true","220","depois","50","0","0","0","0","7.207843","7.486431","0","50","50","0","0","0",""
"4A","parado-payments","3","1","true","225","depois","50","0","0","0","0","7.206183","7.66139","5","50","50","0","0","0",""
"4A","parado-payments","3","1","true","230","depois","50","0","0","0","0","7.230381","7.480323","1","50","50","0","0","0",""
"4A","parado-payments","3","1","true","235","depois","41","0","0","0","0","7.152178","8.041138","4","50","50","0","0","0",""
"4A","parado-payments","3","1","true","240","depois","0","","0","0","0","","","0","0","0","0","0","0",""
"4A","parado-payments","3","1","true","245","depois","0","","0","0","0","","","0","0","0","0","0","0",""
"4A","parado-payments","3","1","true","250","depois","0","","0","0","0","","","0","0","0","0","0","0",""
"4A","parado-payments","3","1","true","255","depois","0","","0","0","0","","","","0","0","0","0","0",""
